"country","cntry.code","period","cmdCode","pathway","import_value_usd","source_url","retrieved_utc"
"Argentina","ARG","2016","01","live_animals",23523621.39,"https://comtradeapi.un.org/public/v1/preview/C/A/HS","2026-08-02 05:47:38 UTC"
"Argentina","ARG","2016","03","fish_aquatic_products",70879421.16,"https://comtradeapi.un.org/public/v1/preview/C/A/HS","2026-08-02 05:47:38 UTC"
"Argentina","ARG","2016","06","live_plants",7350329.07,"https://comtradeapi.un.org/public/v1/preview/C/A/HS","2026-08-02 05:47:38 UTC"
"Argentina","ARG","2016","44","wood_products",113848827.13,"https://comtradeapi.un.org/public/v1/preview/C/A/HS","2026-08-02 05:47:38 UTC"
"Argentina","ARG","2016","TOTAL","all_imports",55910810438.22,"https://comtradeapi.un.org/public/v1/preview/C/A/HS","2026-08-02 05:47:38 UTC"
"Argentina","ARG","2017","01","live_animals",22530093.02,"https://comtradeapi.un.org/public/v1/preview/C/A/HS","2026-08-02 05:47:38 UTC"
"Argentina","ARG","2017","03","fish_aquatic_products",84371619.8,"https://comtradeapi.un.org/public/v1/preview/C/A/HS","2026-08-02 05:47:38 UTC"
"Argentina","ARG","2017","06","live_plants",8363759.32,"https://comtradeapi.un.org/public/v1/preview/C/A/HS","2026-08-02 05:47:38 UTC"
"Argentina","ARG","2017","44","wood_products",125515096.13,"https://comtradeapi.un.org/public/v1/preview/C/A/HS","2026-08-02 05:47:38 UTC"
"Argentina","ARG","2017","TOTAL","all_imports",66899299586.97,"https://comtradeapi.un.org/public/v1/preview/C/A/HS","2026-08-02 05:47:38 UTC"
"Argentina","ARG","2018","01","live_animals",21881722.9,"https://comtradeapi.un.org/public/v1/preview/C/A/HS","2026-08-02 05:47:38 UTC"
"Argentina","ARG","2018","03","fish_aquatic_products",76690029.94,"https://comtradeapi.un.org/public/v1/preview/C/A/HS","2026-08-02 05:47:38 UTC"
"Argentina","ARG","2018","06","live_plants",8663621.09,"https://comtradeapi.un.org/public/v1/preview/C/A/HS","2026-08-02 05:47:38 UTC"
"Argentina","ARG","2018","44","wood_products",124099526.79,"https://comtradeapi.un.org/public/v1/preview/C/A/HS","2026-08-02 05:47:38 UTC"
"Argentina","ARG","2018","TOTAL","all_imports",65440966165.64,"https://comtradeapi.un.org/public/v1/preview/C/A/HS","2026-08-02 05:47:38 UTC"
"Argentina","ARG","2019","01","live_animals",24174179.96,"https://comtradeapi.un.org/public/v1/preview/C/A/HS","2026-08-02 05:47:38 UTC"
"Argentina","ARG","2019","03","fish_aquatic_products",59623090.78,"https://comtradeapi.un.org/public/v1/preview/C/A/HS","2026-08-02 05:47:38 UTC"
"Argentina","ARG","2019","06","live_plants",6242169.88,"https://comtradeapi.un.org/public/v1/preview/C/A/HS","2026-08-02 05:47:38 UTC"
"Argentina","ARG","2019","44","wood_products",78824131.08,"https://comtradeapi.un.org/public/v1/preview/C/A/HS","2026-08-02 05:47:38 UTC"
"Argentina","ARG","2019","TOTAL","all_imports",49125029975.95,"https://comtradeapi.un.org/public/v1/preview/C/A/HS","2026-08-02 05:47:38 UTC"
"Argentina","ARG","2020","01","live_animals",23612195.49,"https://comtradeapi.un.org/public/v1/preview/C/A/HS","2026-08-02 05:47:38 UTC"
"Argentina","ARG","2020","03","fish_aquatic_products",48201193.53,"https://comtradeapi.un.org/public/v1/preview/C/A/HS","2026-08-02 05:47:38 UTC"
"Argentina","ARG","2020","06","live_plants",3494322.44,"https://comtradeapi.un.org/public/v1/preview/C/A/HS","2026-08-02 05:47:38 UTC"
"Argentina","ARG","2020","44","wood_products",81375006,"https://comtradeapi.un.org/public/v1/preview/C/A/HS","2026-08-02 05:47:38 UTC"
"Argentina","ARG","2020","TOTAL","all_imports",42355505399.72,"https://comtradeapi.un.org/public/v1/preview/C/A/HS","2026-08-02 05:47:38 UTC"
"Australia","AUS","2016","01","live_animals",91128858,"https://comtradeapi.un.org/public/v1/preview/C/A/HS","2026-08-02 05:47:38 UTC"
"Australia","AUS","2016","03","fish_aquatic_products",831929333,"https://comtradeapi.un.org/public/v1/preview/C/A/HS","2026-08-02 05:47:38 UTC"
"Australia","AUS","2016","06","live_plants",75182561,"https://comtradeapi.un.org/public/v1/preview/C/A/HS","2026-08-02 05:47:38 UTC"
"Australia","AUS","2016","44","wood_products",1560243347,"https://comtradeapi.un.org/public/v1/preview/C/A/HS","2026-08-02 05:47:38 UTC"
"Australia","AUS","2016","TOTAL","all_imports",189406027941,"https://comtradeapi.un.org/public/v1/preview/C/A/HS","2026-08-02 05:47:38 UTC"
"Australia","AUS","2017","01","live_animals",128531721.697,"https://comtradeapi.un.org/public/v1/preview/C/A/HS","2026-08-02 05:47:38 UTC"
"Australia","AUS","2017","03","fish_aquatic_products",876911009.124,"https://comtradeapi.un.org/public/v1/preview/C/A/HS","2026-08-02 05:47:38 UTC"
"Australia","AUS","2017","06","live_plants",110024074.191,"https://comtradeapi.un.org/public/v1/preview/C/A/HS","2026-08-02 05:47:38 UTC"
"Australia","AUS","2017","44","wood_products",1804284471.467,"https://comtradeapi.un.org/public/v1/preview/C/A/HS","2026-08-02 05:47:38 UTC"
"Australia","AUS","2017","TOTAL","all_imports",228429293201.109,"https://comtradeapi.un.org/public/v1/preview/C/A/HS","2026-08-02 05:47:38 UTC"
"Australia","AUS","2018","01","live_animals",138011378.236,"https://comtradeapi.un.org/public/v1/preview/C/A/HS","2026-08-02 05:47:38 UTC"
"Australia","AUS","2018","03","fish_aquatic_products",885610386.748,"https://comtradeapi.un.org/public/v1/preview/C/A/HS","2026-08-02 05:47:38 UTC"
"Australia","AUS","2018","06","live_plants",112676044.6,"https://comtradeapi.un.org/public/v1/preview/C/A/HS","2026-08-02 05:47:38 UTC"
"Australia","AUS","2018","44","wood_products",2083688108.906,"https://comtradeapi.un.org/public/v1/preview/C/A/HS","2026-08-02 05:47:38 UTC"
"Australia","AUS","2018","TOTAL","all_imports",235632823913.726,"https://comtradeapi.un.org/public/v1/preview/C/A/HS","2026-08-02 05:47:38 UTC"
"Australia","AUS","2019","01","live_animals",110862177.912,"https://comtradeapi.un.org/public/v1/preview/C/A/HS","2026-08-02 05:47:38 UTC"
"Australia","AUS","2019","03","fish_aquatic_products",850077566.389,"https://comtradeapi.un.org/public/v1/preview/C/A/HS","2026-08-02 05:47:38 UTC"
"Australia","AUS","2019","06","live_plants",112646985.528,"https://comtradeapi.un.org/public/v1/preview/C/A/HS","2026-08-02 05:47:38 UTC"
"Australia","AUS","2019","44","wood_products",1687234286.031,"https://comtradeapi.un.org/public/v1/preview/C/A/HS","2026-08-02 05:47:38 UTC"
"Australia","AUS","2019","TOTAL","all_imports",221527797251.589,"https://comtradeapi.un.org/public/v1/preview/C/A/HS","2026-08-02 05:47:38 UTC"
"Australia","AUS","2020","01","live_animals",119866254.309,"https://comtradeapi.un.org/public/v1/preview/C/A/HS","2026-08-02 05:47:38 UTC"
"Australia","AUS","2020","03","fish_aquatic_products",730194320.716,"https://comtradeapi.un.org/public/v1/preview/C/A/HS","2026-08-02 05:47:38 UTC"
"Australia","AUS","2020","06","live_plants",103537555.165,"https://comtradeapi.un.org/public/v1/preview/C/A/HS","2026-08-02 05:47:38 UTC"
"Australia","AUS","2020","44","wood_products",1607992803.064,"https://comtradeapi.un.org/public/v1/preview/C/A/HS","2026-08-02 05:47:38 UTC"
"Australia","AUS","2020","TOTAL","all_imports",210212509293.219,"https://comtradeapi.un.org/public/v1/preview/C/A/HS","2026-08-02 05:47:38 UTC"
"Austria","AUT","2016","01","live_animals",254318659.339,"https://comtradeapi.un.org/public/v1/preview/C/A/HS","2026-08-02 05:47:38 UTC"
"Austria","AUT","2016","03","fish_aquatic_products",346659113.554,"https://comtradeapi.un.org/public/v1/preview/C/A/HS","2026-08-02 05:47:38 UTC"
"Austria","AUT","2016","06","live_plants",359674545.363,"https://comtradeapi.un.org/public/v1/preview/C/A/HS","2026-08-02 05:47:38 UTC"
"Austria","AUT","2016","44","wood_products",2625026320.339,"https://comtradeapi.un.org/public/v1/preview/C/A/HS","2026-08-02 05:47:38 UTC"
"Austria","AUT","2016","TOTAL","all_imports",149987386054.557,"https://comtradeapi.un.org/public/v1/preview/C/A/HS","2026-08-02 05:47:38 UTC"
"Austria","AUT","2017","01","live_animals",268917516.608,"https://comtradeapi.un.org/public/v1/preview/C/A/HS","2026-08-02 05:47:38 UTC"
"Austria","AUT","2017","03","fish_aquatic_products",353808540.794,"https://comtradeapi.un.org/public/v1/preview/C/A/HS","2026-08-02 05:47:38 UTC"
"Austria","AUT","2017","06","live_plants",380566949.015,"https://comtradeapi.un.org/public/v1/preview/C/A/HS","2026-08-02 05:47:38 UTC"
"Austria","AUT","2017","44","wood_products",2798048767.391,"https://comtradeapi.un.org/public/v1/preview/C/A/HS","2026-08-02 05:47:38 UTC"
"Austria","AUT","2017","TOTAL","all_imports",166475080970.019,"https://comtradeapi.un.org/public/v1/preview/C/A/HS","2026-08-02 05:47:38 UTC"
"Austria","AUT","2018","01","live_animals",278675601.66,"https://comtradeapi.un.org/public/v1/preview/C/A/HS","2026-08-02 05:47:38 UTC"
"Austria","AUT","2018","03","fish_aquatic_products",367109422.548,"https://comtradeapi.un.org/public/v1/preview/C/A/HS","2026-08-02 05:47:38 UTC"
"Austria","AUT","2018","06","live_plants",440045526.899,"https://comtradeapi.un.org/public/v1/preview/C/A/HS","2026-08-02 05:47:38 UTC"
"Austria","AUT","2018","44","wood_products",3113959076.713,"https://comtradeapi.un.org/public/v1/preview/C/A/HS","2026-08-02 05:47:38 UTC"
"Austria","AUT","2018","TOTAL","all_imports",184195200603.949,"https://comtradeapi.un.org/public/v1/preview/C/A/HS","2026-08-02 05:47:38 UTC"
"Austria","AUT","2019","01","live_animals",260808942.393,"https://comtradeapi.un.org/public/v1/preview/C/A/HS","2026-08-02 05:47:38 UTC"
"Austria","AUT","2019","03","fish_aquatic_products",363992062.11,"https://comtradeapi.un.org/public/v1/preview/C/A/HS","2026-08-02 05:47:38 UTC"
"Austria","AUT","2019","06","live_plants",431340955.208,"https://comtradeapi.un.org/public/v1/preview/C/A/HS","2026-08-02 05:47:38 UTC"
"Austria","AUT","2019","44","wood_products",2774444502.488,"https://comtradeapi.un.org/public/v1/preview/C/A/HS","2026-08-02 05:47:38 UTC"
"Austria","AUT","2019","TOTAL","all_imports",176596131348.864,"https://comtradeapi.un.org/public/v1/preview/C/A/HS","2026-08-02 05:47:38 UTC"
"Austria","AUT","2020","01","live_animals",239773651.656,"https://comtradeapi.un.org/public/v1/preview/C/A/HS","2026-08-02 05:47:38 UTC"
"Austria","AUT","2020","03","fish_aquatic_products",326341107.276,"https://comtradeapi.un.org/public/v1/preview/C/A/HS","2026-08-02 05:47:38 UTC"
"Austria","AUT","2020","06","live_plants",409361452.658,"https://comtradeapi.un.org/public/v1/preview/C/A/HS","2026-08-02 05:47:38 UTC"
"Austria","AUT","2020","44","wood_products",2804341388.629,"https://comtradeapi.un.org/public/v1/preview/C/A/HS","2026-08-02 05:47:38 UTC"
"Austria","AUT","2020","TOTAL","all_imports",164635579303.554,"https://comtradeapi.un.org/public/v1/preview/C/A/HS","2026-08-02 05:47:38 UTC"
"Brazil","BRA","2016","01","live_animals",14159197,"https://comtradeapi.un.org/public/v1/preview/C/A/HS","2026-08-02 05:47:38 UTC"
"Brazil","BRA","2016","03","fish_aquatic_products",1138890395,"https://comtradeapi.un.org/public/v1/preview/C/A/HS","2026-08-02 05:47:38 UTC"
"Brazil","BRA","2016","06","live_plants",36636430,"https://comtradeapi.un.org/public/v1/preview/C/A/HS","2026-08-02 05:47:38 UTC"
"Brazil","BRA","2016","44","wood_products",105715361,"https://comtradeapi.un.org/public/v1/preview/C/A/HS","2026-08-02 05:47:38 UTC"
"Brazil","BRA","2016","TOTAL","all_imports",145247873733,"https://comtradeapi.un.org/public/v1/preview/C/A/HS","2026-08-02 05:47:38 UTC"
"Brazil","BRA","2017","01","live_animals",10492561,"https://comtradeapi.un.org/public/v1/preview/C/A/HS","2026-08-02 05:47:38 UTC"
"Brazil","BRA","2017","03","fish_aquatic_products",1360641044,"https://comtradeapi.un.org/public/v1/preview/C/A/HS","2026-08-02 05:47:38 UTC"
"Brazil","BRA","2017","06","live_plants",46285061,"https://comtradeapi.un.org/public/v1/preview/C/A/HS","2026-08-02 05:47:38 UTC"
"Brazil","BRA","2017","44","wood_products",105922144,"https://comtradeapi.un.org/public/v1/preview/C/A/HS","2026-08-02 05:47:38 UTC"
"Brazil","BRA","2017","TOTAL","all_imports",165855231418,"https://comtradeapi.un.org/public/v1/preview/C/A/HS","2026-08-02 05:47:38 UTC"
"Brazil","BRA","2018","01","live_animals",11079752,"https://comtradeapi.un.org/public/v1/preview/C/A/HS","2026-08-02 05:47:38 UTC"
"Brazil","BRA","2018","03","fish_aquatic_products",1307220831,"https://comtradeapi.un.org/public/v1/preview/C/A/HS","2026-08-02 05:47:38 UTC"
"Brazil","BRA","2018","06","live_plants",51422954,"https://comtradeapi.un.org/public/v1/preview/C/A/HS","2026-08-02 05:47:38 UTC"
"Brazil","BRA","2018","44","wood_products",109366361,"https://comtradeapi.un.org/public/v1/preview/C/A/HS","2026-08-02 05:47:38 UTC"
"Brazil","BRA","2018","TOTAL","all_imports",192840115910,"https://comtradeapi.un.org/public/v1/preview/C/A/HS","2026-08-02 05:47:38 UTC"
"Brazil","BRA","2019","01","live_animals",16025217,"https://comtradeapi.un.org/public/v1/preview/C/A/HS","2026-08-02 05:47:38 UTC"
"Brazil","BRA","2019","03","fish_aquatic_products",1260329350,"https://comtradeapi.un.org/public/v1/preview/C/A/HS","2026-08-02 05:47:38 UTC"
"Brazil","BRA","2019","06","live_plants",51528725,"https://comtradeapi.un.org/public/v1/preview/C/A/HS","2026-08-02 05:47:38 UTC"
"Brazil","BRA","2019","44","wood_products",117876576,"https://comtradeapi.un.org/public/v1/preview/C/A/HS","2026-08-02 05:47:38 UTC"
"Brazil","BRA","2019","TOTAL","all_imports",193162004038,"https://comtradeapi.un.org/public/v1/preview/C/A/HS","2026-08-02 05:47:38 UTC"
"Brazil","BRA","2020","01","live_animals",10361580,"https://comtradeapi.un.org/public/v1/preview/C/A/HS","2026-08-02 05:47:38 UTC"
"Brazil","BRA","2020","03","fish_aquatic_products",895679760,"https://comtradeapi.un.org/public/v1/preview/C/A/HS","2026-08-02 05:47:38 UTC"
"Brazil","BRA","2020","06","live_plants",41211586,"https://comtradeapi.un.org/public/v1/preview/C/A/HS","2026-08-02 05:47:38 UTC"
"Brazil","BRA","2020","44","wood_products",114609735,"https://comtradeapi.un.org/public/v1/preview/C/A/HS","2026-08-02 05:47:38 UTC"
"Brazil","BRA","2020","TOTAL","all_imports",166336211575,"https://comtradeapi.un.org/public/v1/preview/C/A/HS","2026-08-02 05:47:38 UTC"
"Cambodia","KHM","2016","01","live_animals",9270793,"https://comtradeapi.un.org/public/v1/preview/C/A/HS","2026-08-02 05:47:38 UTC"
"Cambodia","KHM","2016","03","fish_aquatic_products",4143181,"https://comtradeapi.un.org/public/v1/preview/C/A/HS","2026-08-02 05:47:38 UTC"
"Cambodia","KHM","2016","06","live_plants",222722,"https://comtradeapi.un.org/public/v1/preview/C/A/HS","2026-08-02 05:47:38 UTC"
"Cambodia","KHM","2016","44","wood_products",63805577,"https://comtradeapi.un.org/public/v1/preview/C/A/HS","2026-08-02 05:47:38 UTC"
"Cambodia","KHM","2016","TOTAL","all_imports",12371008437,"https://comtradeapi.un.org/public/v1/preview/C/A/HS","2026-08-02 05:47:38 UTC"
"Cambodia","KHM","2017","01","live_animals",10477323.5,"https://comtradeapi.un.org/public/v1/preview/C/A/HS","2026-08-02 05:47:38 UTC"
"Cambodia","KHM","2017","03","fish_aquatic_products",3555753.64,"https://comtradeapi.un.org/public/v1/preview/C/A/HS","2026-08-02 05:47:38 UTC"
"Cambodia","KHM","2017","06","live_plants",335247.43,"https://comtradeapi.un.org/public/v1/preview/C/A/HS","2026-08-02 05:47:38 UTC"
"Cambodia","KHM","2017","44","wood_products",136016650.54,"https://comtradeapi.un.org/public/v1/preview/C/A/HS","2026-08-02 05:47:38 UTC"
"Cambodia","KHM","2017","TOTAL","all_imports",14283414116.2,"https://comtradeapi.un.org/public/v1/preview/C/A/HS","2026-08-02 05:47:38 UTC"
"Cambodia","KHM","2018","01","live_animals",6512008.72,"https://comtradeapi.un.org/public/v1/preview/C/A/HS","2026-08-02 05:47:38 UTC"
"Cambodia","KHM","2018","03","fish_aquatic_products",2490376.53,"https://comtradeapi.un.org/public/v1/preview/C/A/HS","2026-08-02 05:47:38 UTC"
"Cambodia","KHM","2018","06","live_plants",1402482.18,"https://comtradeapi.un.org/public/v1/preview/C/A/HS","2026-08-02 05:47:38 UTC"
"Cambodia","KHM","2018","44","wood_products",187182219.49,"https://comtradeapi.un.org/public/v1/preview/C/A/HS","2026-08-02 05:47:38 UTC"
"Cambodia","KHM","2018","TOTAL","all_imports",17489096677.26,"https://comtradeapi.un.org/public/v1/preview/C/A/HS","2026-08-02 05:47:38 UTC"
"Cambodia","KHM","2019","01","live_animals",5875670.73,"https://comtradeapi.un.org/public/v1/preview/C/A/HS","2026-08-02 05:47:38 UTC"
"Cambodia","KHM","2019","03","fish_aquatic_products",4398347.83,"https://comtradeapi.un.org/public/v1/preview/C/A/HS","2026-08-02 05:47:38 UTC"
"Cambodia","KHM","2019","06","live_plants",3427010.16,"https://comtradeapi.un.org/public/v1/preview/C/A/HS","2026-08-02 05:47:38 UTC"
"Cambodia","KHM","2019","44","wood_products",208036748.15,"https://comtradeapi.un.org/public/v1/preview/C/A/HS","2026-08-02 05:47:38 UTC"
"Cambodia","KHM","2019","TOTAL","all_imports",20278818286,"https://comtradeapi.un.org/public/v1/preview/C/A/HS","2026-08-02 05:47:38 UTC"
"Cambodia","KHM","2020","01","live_animals",50645834.61,"https://comtradeapi.un.org/public/v1/preview/C/A/HS","2026-08-02 05:47:38 UTC"
"Cambodia","KHM","2020","03","fish_aquatic_products",6285225.67,"https://comtradeapi.un.org/public/v1/preview/C/A/HS","2026-08-02 05:47:38 UTC"
"Cambodia","KHM","2020","06","live_plants",2981537.55,"https://comtradeapi.un.org/public/v1/preview/C/A/HS","2026-08-02 05:47:38 UTC"
"Cambodia","KHM","2020","44","wood_products",230437180.49,"https://comtradeapi.un.org/public/v1/preview/C/A/HS","2026-08-02 05:47:38 UTC"
"Cambodia","KHM","2020","TOTAL","all_imports",19114264457.57,"https://comtradeapi.un.org/public/v1/preview/C/A/HS","2026-08-02 05:47:38 UTC"
"Canada","CAN","2016","01","live_animals",203905794.377,"https://comtradeapi.un.org/public/v1/preview/C/A/HS","2026-08-02 05:47:38 UTC"
"Canada","CAN","2016","03","fish_aquatic_products",2084359676.224,"https://comtradeapi.un.org/public/v1/preview/C/A/HS","2026-08-02 05:47:38 UTC"
"Canada","CAN","2016","06","live_plants",376145293.555,"https://comtradeapi.un.org/public/v1/preview/C/A/HS","2026-08-02 05:47:38 UTC"
"Canada","CAN","2016","44","wood_products",2937385808.162,"https://comtradeapi.un.org/public/v1/preview/C/A/HS","2026-08-02 05:47:38 UTC"
"Canada","CAN","2016","TOTAL","all_imports",402287821924.144,"https://comtradeapi.un.org/public/v1/preview/C/A/HS","2026-08-02 05:47:38 UTC"
"Canada","CAN","2017","01","live_animals",335909618.043,"https://comtradeapi.un.org/public/v1/preview/C/A/HS","2026-08-02 05:47:38 UTC"
"Canada","CAN","2017","03","fish_aquatic_products",2146910231.988,"https://comtradeapi.un.org/public/v1/preview/C/A/HS","2026-08-02 05:47:38 UTC"
"Canada","CAN","2017","06","live_plants",409216808.181,"https://comtradeapi.un.org/public/v1/preview/C/A/HS","2026-08-02 05:47:38 UTC"
"Canada","CAN","2017","44","wood_products",2995411750.24,"https://comtradeapi.un.org/public/v1/preview/C/A/HS","2026-08-02 05:47:38 UTC"
"Canada","CAN","2017","TOTAL","all_imports",433045052733.088,"https://comtradeapi.un.org/public/v1/preview/C/A/HS","2026-08-02 05:47:38 UTC"
"Canada","CAN","2018","01","live_animals",367192042.673,"https://comtradeapi.un.org/public/v1/preview/C/A/HS","2026-08-02 05:47:38 UTC"
"Canada","CAN","2018","03","fish_aquatic_products",2235378112.261,"https://comtradeapi.un.org/public/v1/preview/C/A/HS","2026-08-02 05:47:38 UTC"
"Canada","CAN","2018","06","live_plants",422443214.41,"https://comtradeapi.un.org/public/v1/preview/C/A/HS","2026-08-02 05:47:38 UTC"
"Canada","CAN","2018","44","wood_products",3083822601.194,"https://comtradeapi.un.org/public/v1/preview/C/A/HS","2026-08-02 05:47:38 UTC"
"Canada","CAN","2018","TOTAL","all_imports",459945043260.697,"https://comtradeapi.un.org/public/v1/preview/C/A/HS","2026-08-02 05:47:38 UTC"
"Canada","CAN","2019","01","live_animals",429154011.524,"https://comtradeapi.un.org/public/v1/preview/C/A/HS","2026-08-02 05:47:38 UTC"
"Canada","CAN","2019","03","fish_aquatic_products",2330398301.751,"https://comtradeapi.un.org/public/v1/preview/C/A/HS","2026-08-02 05:47:38 UTC"
"Canada","CAN","2019","06","live_plants",427809264.833,"https://comtradeapi.un.org/public/v1/preview/C/A/HS","2026-08-02 05:47:38 UTC"
"Canada","CAN","2019","44","wood_products",2933571392.275,"https://comtradeapi.un.org/public/v1/preview/C/A/HS","2026-08-02 05:47:38 UTC"
"Canada","CAN","2019","TOTAL","all_imports",453651555186.53,"https://comtradeapi.un.org/public/v1/preview/C/A/HS","2026-08-02 05:47:38 UTC"
"Canada","CAN","2020","01","live_animals",422830486.297,"https://comtradeapi.un.org/public/v1/preview/C/A/HS","2026-08-02 05:47:38 UTC"
"Canada","CAN","2020","03","fish_aquatic_products",2014043070.532,"https://comtradeapi.un.org/public/v1/preview/C/A/HS","2026-08-02 05:47:38 UTC"
"Canada","CAN","2020","06","live_plants",408277889.674,"https://comtradeapi.un.org/public/v1/preview/C/A/HS","2026-08-02 05:47:38 UTC"
"Canada","CAN","2020","44","wood_products",2766270875.805,"https://comtradeapi.un.org/public/v1/preview/C/A/HS","2026-08-02 05:47:38 UTC"
"Canada","CAN","2020","TOTAL","all_imports",405204923044.594,"https://comtradeapi.un.org/public/v1/preview/C/A/HS","2026-08-02 05:47:38 UTC"
"Chile","CHL","2016","01","live_animals",11582905.541,"https://comtradeapi.un.org/public/v1/preview/C/A/HS","2026-08-02 05:47:38 UTC"
"Chile","CHL","2016","03","fish_aquatic_products",62481089.999,"https://comtradeapi.un.org/public/v1/preview/C/A/HS","2026-08-02 05:47:38 UTC"
"Chile","CHL","2016","06","live_plants",27423259.785,"https://comtradeapi.un.org/public/v1/preview/C/A/HS","2026-08-02 05:47:38 UTC"
"Chile","CHL","2016","44","wood_products",240697411.567,"https://comtradeapi.un.org/public/v1/preview/C/A/HS","2026-08-02 05:47:38 UTC"
"Chile","CHL","2016","TOTAL","all_imports",59284693229.218,"https://comtradeapi.un.org/public/v1/preview/C/A/HS","2026-08-02 05:47:38 UTC"
"Chile","CHL","2017","01","live_animals",13486943.334,"https://comtradeapi.un.org/public/v1/preview/C/A/HS","2026-08-02 05:47:38 UTC"
"Chile","CHL","2017","03","fish_aquatic_products",78144538.045,"https://comtradeapi.un.org/public/v1/preview/C/A/HS","2026-08-02 05:47:38 UTC"
"Chile","CHL","2017","06","live_plants",28995064.017,"https://comtradeapi.un.org/public/v1/preview/C/A/HS","2026-08-02 05:47:38 UTC"
"Chile","CHL","2017","44","wood_products",248021745.578,"https://comtradeapi.un.org/public/v1/preview/C/A/HS","2026-08-02 05:47:38 UTC"
"Chile","CHL","2017","TOTAL","all_imports",65168267859.466,"https://comtradeapi.un.org/public/v1/preview/C/A/HS","2026-08-02 05:47:38 UTC"
"Chile","CHL","2018","01","live_animals",18325377.132,"https://comtradeapi.un.org/public/v1/preview/C/A/HS","2026-08-02 05:47:38 UTC"
"Chile","CHL","2018","03","fish_aquatic_products",81233420.077,"https://comtradeapi.un.org/public/v1/preview/C/A/HS","2026-08-02 05:47:38 UTC"
"Chile","CHL","2018","06","live_plants",38384274.611,"https://comtradeapi.un.org/public/v1/preview/C/A/HS","2026-08-02 05:47:38 UTC"
"Chile","CHL","2018","44","wood_products",323074707.001,"https://comtradeapi.un.org/public/v1/preview/C/A/HS","2026-08-02 05:47:38 UTC"
"Chile","CHL","2018","TOTAL","all_imports",74611747376.92,"https://comtradeapi.un.org/public/v1/preview/C/A/HS","2026-08-02 05:47:38 UTC"
"Chile","CHL","2019","01","live_animals",15458786.29,"https://comtradeapi.un.org/public/v1/preview/C/A/HS","2026-08-02 05:47:38 UTC"
"Chile","CHL","2019","03","fish_aquatic_products",69522928.59,"https://comtradeapi.un.org/public/v1/preview/C/A/HS","2026-08-02 05:47:38 UTC"
"Chile","CHL","2019","06","live_plants",36019495.445,"https://comtradeapi.un.org/public/v1/preview/C/A/HS","2026-08-02 05:47:38 UTC"
"Chile","CHL","2019","44","wood_products",249406091.254,"https://comtradeapi.un.org/public/v1/preview/C/A/HS","2026-08-02 05:47:38 UTC"
"Chile","CHL","2019","TOTAL","all_imports",69854853685.708,"https://comtradeapi.un.org/public/v1/preview/C/A/HS","2026-08-02 05:47:38 UTC"
"Chile","CHL","2020","01","live_animals",11760261.028,"https://comtradeapi.un.org/public/v1/preview/C/A/HS","2026-08-02 05:47:38 UTC"
"Chile","CHL","2020","03","fish_aquatic_products",59762737.158,"https://comtradeapi.un.org/public/v1/preview/C/A/HS","2026-08-02 05:47:38 UTC"
"Chile","CHL","2020","06","live_plants",23433620.299,"https://comtradeapi.un.org/public/v1/preview/C/A/HS","2026-08-02 05:47:38 UTC"
"Chile","CHL","2020","44","wood_products",202872675.256,"https://comtradeapi.un.org/public/v1/preview/C/A/HS","2026-08-02 05:47:38 UTC"
"Chile","CHL","2020","TOTAL","all_imports",59196806905.566,"https://comtradeapi.un.org/public/v1/preview/C/A/HS","2026-08-02 05:47:38 UTC"
"China","CHN","2016","01","live_animals",394452237,"https://comtradeapi.un.org/public/v1/preview/C/A/HS","2026-08-02 05:47:38 UTC"
"China","CHN","2016","03","fish_aquatic_products",6917637021,"https://comtradeapi.un.org/public/v1/preview/C/A/HS","2026-08-02 05:47:38 UTC"
"China","CHN","2016","06","live_plants",226363462,"https://comtradeapi.un.org/public/v1/preview/C/A/HS","2026-08-02 05:47:38 UTC"
"China","CHN","2016","44","wood_products",19627359800,"https://comtradeapi.un.org/public/v1/preview/C/A/HS","2026-08-02 05:47:38 UTC"
"China","CHN","2016","TOTAL","all_imports",1587920688162,"https://comtradeapi.un.org/public/v1/preview/C/A/HS","2026-08-02 05:47:38 UTC"
"China","CHN","2017","01","live_animals",363839499,"https://comtradeapi.un.org/public/v1/preview/C/A/HS","2026-08-02 05:47:38 UTC"
"China","CHN","2017","03","fish_aquatic_products",8070777269,"https://comtradeapi.un.org/public/v1/preview/C/A/HS","2026-08-02 05:47:38 UTC"
"China","CHN","2017","06","live_plants",280863437,"https://comtradeapi.un.org/public/v1/preview/C/A/HS","2026-08-02 05:47:38 UTC"
"China","CHN","2017","44","wood_products",23421966357,"https://comtradeapi.un.org/public/v1/preview/C/A/HS","2026-08-02 05:47:38 UTC"
"China","CHN","2017","TOTAL","all_imports",1843792938795,"https://comtradeapi.un.org/public/v1/preview/C/A/HS","2026-08-02 05:47:38 UTC"
"China","CHN","2018","01","live_animals",411709783,"https://comtradeapi.un.org/public/v1/preview/C/A/HS","2026-08-02 05:47:38 UTC"
"China","CHN","2018","03","fish_aquatic_products",11599017824,"https://comtradeapi.un.org/public/v1/preview/C/A/HS","2026-08-02 05:47:38 UTC"
"China","CHN","2018","06","live_plants",292744148,"https://comtradeapi.un.org/public/v1/preview/C/A/HS","2026-08-02 05:47:38 UTC"
"China","CHN","2018","44","wood_products",24919348503,"https://comtradeapi.un.org/public/v1/preview/C/A/HS","2026-08-02 05:47:38 UTC"
"China","CHN","2018","TOTAL","all_imports",2133605397056,"https://comtradeapi.un.org/public/v1/preview/C/A/HS","2026-08-02 05:47:38 UTC"
"China","CHN","2019","01","live_animals",497696719,"https://comtradeapi.un.org/public/v1/preview/C/A/HS","2026-08-02 05:47:38 UTC"
"China","CHN","2019","03","fish_aquatic_products",15414354725,"https://comtradeapi.un.org/public/v1/preview/C/A/HS","2026-08-02 05:47:38 UTC"
"China","CHN","2019","06","live_plants",269969913,"https://comtradeapi.un.org/public/v1/preview/C/A/HS","2026-08-02 05:47:38 UTC"
"China","CHN","2019","44","wood_products",21982012564,"https://comtradeapi.un.org/public/v1/preview/C/A/HS","2026-08-02 05:47:38 UTC"
"China","CHN","2019","TOTAL","all_imports",2079285499197,"https://comtradeapi.un.org/public/v1/preview/C/A/HS","2026-08-02 05:47:38 UTC"
"China","CHN","2020","01","live_animals",634691907,"https://comtradeapi.un.org/public/v1/preview/C/A/HS","2026-08-02 05:47:38 UTC"
"China","CHN","2020","03","fish_aquatic_products",12366189004,"https://comtradeapi.un.org/public/v1/preview/C/A/HS","2026-08-02 05:47:38 UTC"
"China","CHN","2020","06","live_plants",243751482,"https://comtradeapi.un.org/public/v1/preview/C/A/HS","2026-08-02 05:47:38 UTC"
"China","CHN","2020","44","wood_products",20190473455,"https://comtradeapi.un.org/public/v1/preview/C/A/HS","2026-08-02 05:47:38 UTC"
"China","CHN","2020","TOTAL","all_imports",2069567864872,"https://comtradeapi.un.org/public/v1/preview/C/A/HS","2026-08-02 05:47:38 UTC"
"Colombia","COL","2016","01","live_animals",13320302,"https://comtradeapi.un.org/public/v1/preview/C/A/HS","2026-08-02 05:47:38 UTC"
"Colombia","COL","2016","03","fish_aquatic_products",217365425,"https://comtradeapi.un.org/public/v1/preview/C/A/HS","2026-08-02 05:47:38 UTC"
"Colombia","COL","2016","06","live_plants",31419442,"https://comtradeapi.un.org/public/v1/preview/C/A/HS","2026-08-02 05:47:38 UTC"
"Colombia","COL","2016","44","wood_products",203506134,"https://comtradeapi.un.org/public/v1/preview/C/A/HS","2026-08-02 05:47:38 UTC"
"Colombia","COL","2016","TOTAL","all_imports",44831142874,"https://comtradeapi.un.org/public/v1/preview/C/A/HS","2026-08-02 05:47:38 UTC"
"Colombia","COL","2017","01","live_animals",14322357.67,"https://comtradeapi.un.org/public/v1/preview/C/A/HS","2026-08-02 05:47:38 UTC"
"Colombia","COL","2017","03","fish_aquatic_products",203438078.41,"https://comtradeapi.un.org/public/v1/preview/C/A/HS","2026-08-02 05:47:38 UTC"
"Colombia","COL","2017","06","live_plants",35249755.94,"https://comtradeapi.un.org/public/v1/preview/C/A/HS","2026-08-02 05:47:38 UTC"
"Colombia","COL","2017","44","wood_products",206392126,"https://comtradeapi.un.org/public/v1/preview/C/A/HS","2026-08-02 05:47:38 UTC"
"Colombia","COL","2017","TOTAL","all_imports",46050188812.5,"https://comtradeapi.un.org/public/v1/preview/C/A/HS","2026-08-02 05:47:38 UTC"
"Colombia","COL","2018","01","live_animals",16286301.22,"https://comtradeapi.un.org/public/v1/preview/C/A/HS","2026-08-02 05:47:38 UTC"
"Colombia","COL","2018","03","fish_aquatic_products",234937119.49,"https://comtradeapi.un.org/public/v1/preview/C/A/HS","2026-08-02 05:47:38 UTC"
"Colombia","COL","2018","06","live_plants",36805004.02,"https://comtradeapi.un.org/public/v1/preview/C/A/HS","2026-08-02 05:47:38 UTC"
"Colombia","COL","2018","44","wood_products",239196435.62,"https://comtradeapi.un.org/public/v1/preview/C/A/HS","2026-08-02 05:47:38 UTC"
"Colombia","COL","2018","TOTAL","all_imports",51230566648.01,"https://comtradeapi.un.org/public/v1/preview/C/A/HS","2026-08-02 05:47:38 UTC"
"Colombia","COL","2019","01","live_animals",19167267.96,"https://comtradeapi.un.org/public/v1/preview/C/A/HS","2026-08-02 05:47:38 UTC"
"Colombia","COL","2019","03","fish_aquatic_products",229267054.47,"https://comtradeapi.un.org/public/v1/preview/C/A/HS","2026-08-02 05:47:38 UTC"
"Colombia","COL","2019","06","live_plants",35638499.71,"https://comtradeapi.un.org/public/v1/preview/C/A/HS","2026-08-02 05:47:38 UTC"
"Colombia","COL","2019","44","wood_products",226564721.57,"https://comtradeapi.un.org/public/v1/preview/C/A/HS","2026-08-02 05:47:38 UTC"
"Colombia","COL","2019","TOTAL","all_imports",52695881703.65,"https://comtradeapi.un.org/public/v1/preview/C/A/HS","2026-08-02 05:47:38 UTC"
"Colombia","COL","2020","01","live_animals",20213826.93,"https://comtradeapi.un.org/public/v1/preview/C/A/HS","2026-08-02 05:47:38 UTC"
"Colombia","COL","2020","03","fish_aquatic_products",200753218.2,"https://comtradeapi.un.org/public/v1/preview/C/A/HS","2026-08-02 05:47:38 UTC"
"Colombia","COL","2020","06","live_plants",38212747.64,"https://comtradeapi.un.org/public/v1/preview/C/A/HS","2026-08-02 05:47:38 UTC"
"Colombia","COL","2020","44","wood_products",206265534.64,"https://comtradeapi.un.org/public/v1/preview/C/A/HS","2026-08-02 05:47:38 UTC"
"Colombia","COL","2020","TOTAL","all_imports",43487464166.55,"https://comtradeapi.un.org/public/v1/preview/C/A/HS","2026-08-02 05:47:38 UTC"
"Cuba","CUB","2016","01","live_animals",295127.44,"https://comtradeapi.un.org/public/v1/preview/C/A/HS","2026-08-02 05:47:38 UTC"
"Cuba","CUB","2016","03","fish_aquatic_products",29214734.43,"https://comtradeapi.un.org/public/v1/preview/C/A/HS","2026-08-02 05:47:38 UTC"
"Cuba","CUB","2016","06","live_plants",1038526.25,"https://comtradeapi.un.org/public/v1/preview/C/A/HS","2026-08-02 05:47:38 UTC"
"Cuba","CUB","2016","44","wood_products",72041396.3,"https://comtradeapi.un.org/public/v1/preview/C/A/HS","2026-08-02 05:47:38 UTC"
"Cuba","CUB","2016","TOTAL","all_imports",10269929395.63,"https://comtradeapi.un.org/public/v1/preview/C/A/HS","2026-08-02 05:47:38 UTC"
"Cuba","CUB","2017","01","live_animals",47933.91,"https://comtradeapi.un.org/public/v1/preview/C/A/HS","2026-08-02 05:47:38 UTC"
"Cuba","CUB","2017","03","fish_aquatic_products",34143722.56,"https://comtradeapi.un.org/public/v1/preview/C/A/HS","2026-08-02 05:47:38 UTC"
"Cuba","CUB","2017","06","live_plants",1035342.45,"https://comtradeapi.un.org/public/v1/preview/C/A/HS","2026-08-02 05:47:38 UTC"
"Cuba","CUB","2017","44","wood_products",44276399.83,"https://comtradeapi.un.org/public/v1/preview/C/A/HS","2026-08-02 05:47:38 UTC"
"Cuba","CUB","2017","TOTAL","all_imports",10171983273.03,"https://comtradeapi.un.org/public/v1/preview/C/A/HS","2026-08-02 05:47:38 UTC"
"Cuba","CUB","2018","01","live_animals",268591.11,"https://comtradeapi.un.org/public/v1/preview/C/A/HS","2026-08-02 05:47:38 UTC"
"Cuba","CUB","2018","03","fish_aquatic_products",26749283.4,"https://comtradeapi.un.org/public/v1/preview/C/A/HS","2026-08-02 05:47:38 UTC"
"Cuba","CUB","2018","06","live_plants",1130060.02,"https://comtradeapi.un.org/public/v1/preview/C/A/HS","2026-08-02 05:47:38 UTC"
"Cuba","CUB","2018","44","wood_products",48218122.18,"https://comtradeapi.un.org/public/v1/preview/C/A/HS","2026-08-02 05:47:38 UTC"
"Cuba","CUB","2018","TOTAL","all_imports",11484223171.71,"https://comtradeapi.un.org/public/v1/preview/C/A/HS","2026-08-02 05:47:38 UTC"
"Cuba","CUB","2019","01","live_animals",376351.3,"https://comtradeapi.un.org/public/v1/preview/C/A/HS","2026-08-02 05:47:38 UTC"
"Cuba","CUB","2019","03","fish_aquatic_products",59804957.95,"https://comtradeapi.un.org/public/v1/preview/C/A/HS","2026-08-02 05:47:38 UTC"
"Cuba","CUB","2019","06","live_plants",1098796.93,"https://comtradeapi.un.org/public/v1/preview/C/A/HS","2026-08-02 05:47:38 UTC"
"Cuba","CUB","2019","44","wood_products",45852475.79,"https://comtradeapi.un.org/public/v1/preview/C/A/HS","2026-08-02 05:47:38 UTC"
"Cuba","CUB","2019","TOTAL","all_imports",9901427082.19,"https://comtradeapi.un.org/public/v1/preview/C/A/HS","2026-08-02 05:47:38 UTC"
"Cuba","CUB","2020","03","fish_aquatic_products",10826427,"https://comtradeapi.un.org/public/v1/preview/C/A/HS","2026-08-02 05:47:38 UTC"
"Cuba","CUB","2020","06","live_plants",383186.46,"https://comtradeapi.un.org/public/v1/preview/C/A/HS","2026-08-02 05:47:38 UTC"
"Cuba","CUB","2020","44","wood_products",43251042.6,"https://comtradeapi.un.org/public/v1/preview/C/A/HS","2026-08-02 05:47:38 UTC"
"Cuba","CUB","2020","TOTAL","all_imports",7230346246.01,"https://comtradeapi.un.org/public/v1/preview/C/A/HS","2026-08-02 05:47:38 UTC"
"Denmark","DNK","2016","01","live_animals",46068363.783,"https://comtradeapi.un.org/public/v1/preview/C/A/HS","2026-08-02 05:47:38 UTC"
"Denmark","DNK","2016","03","fish_aquatic_products",1948575001.422,"https://comtradeapi.un.org/public/v1/preview/C/A/HS","2026-08-02 05:47:38 UTC"
"Denmark","DNK","2016","06","live_plants",304801256.338,"https://comtradeapi.un.org/public/v1/preview/C/A/HS","2026-08-02 05:47:38 UTC"
"Denmark","DNK","2016","44","wood_products",1605438832.656,"https://comtradeapi.un.org/public/v1/preview/C/A/HS","2026-08-02 05:47:38 UTC"
"Denmark","DNK","2016","TOTAL","all_imports",84427760620.177,"https://comtradeapi.un.org/public/v1/preview/C/A/HS","2026-08-02 05:47:38 UTC"
"Denmark","DNK","2017","01","live_animals",66124455.546,"https://comtradeapi.un.org/public/v1/preview/C/A/HS","2026-08-02 05:47:38 UTC"
"Denmark","DNK","2017","03","fish_aquatic_products",2126854086.368,"https://comtradeapi.un.org/public/v1/preview/C/A/HS","2026-08-02 05:47:38 UTC"
"Denmark","DNK","2017","06","live_plants",339850925.007,"https://comtradeapi.un.org/public/v1/preview/C/A/HS","2026-08-02 05:47:38 UTC"
"Denmark","DNK","2017","44","wood_products",1867189775.958,"https://comtradeapi.un.org/public/v1/preview/C/A/HS","2026-08-02 05:47:38 UTC"
"Denmark","DNK","2017","TOTAL","all_imports",91982268360.238,"https://comtradeapi.un.org/public/v1/preview/C/A/HS","2026-08-02 05:47:38 UTC"
"Denmark","DNK","2018","01","live_animals",56902651.779,"https://comtradeapi.un.org/public/v1/preview/C/A/HS","2026-08-02 05:47:38 UTC"
"Denmark","DNK","2018","03","fish_aquatic_products",2075653695.381,"https://comtradeapi.un.org/public/v1/preview/C/A/HS","2026-08-02 05:47:38 UTC"
"Denmark","DNK","2018","06","live_plants",360936284.285,"https://comtradeapi.un.org/public/v1/preview/C/A/HS","2026-08-02 05:47:38 UTC"
"Denmark","DNK","2018","44","wood_products",2283771679.732,"https://comtradeapi.un.org/public/v1/preview/C/A/HS","2026-08-02 05:47:38 UTC"
"Denmark","DNK","2018","TOTAL","all_imports",101699638355.39,"https://comtradeapi.un.org/public/v1/preview/C/A/HS","2026-08-02 05:47:38 UTC"
"Denmark","DNK","2019","01","live_animals",56672296.4,"https://comtradeapi.un.org/public/v1/preview/C/A/HS","2026-08-02 05:47:38 UTC"
"Denmark","DNK","2019","03","fish_aquatic_products",2223686148.337,"https://comtradeapi.un.org/public/v1/preview/C/A/HS","2026-08-02 05:47:38 UTC"
"Denmark","DNK","2019","06","live_plants",354204016.324,"https://comtradeapi.un.org/public/v1/preview/C/A/HS","2026-08-02 05:47:38 UTC"
"Denmark","DNK","2019","44","wood_products",2069601912.664,"https://comtradeapi.un.org/public/v1/preview/C/A/HS","2026-08-02 05:47:38 UTC"
"Denmark","DNK","2019","TOTAL","all_imports",97006756563.178,"https://comtradeapi.un.org/public/v1/preview/C/A/HS","2026-08-02 05:47:38 UTC"
"Denmark","DNK","2020","01","live_animals",47309243.782,"https://comtradeapi.un.org/public/v1/preview/C/A/HS","2026-08-02 05:47:38 UTC"
"Denmark","DNK","2020","03","fish_aquatic_products",2173399567.327,"https://comtradeapi.un.org/public/v1/preview/C/A/HS","2026-08-02 05:47:38 UTC"
"Denmark","DNK","2020","06","live_plants",392157770.973,"https://comtradeapi.un.org/public/v1/preview/C/A/HS","2026-08-02 05:47:38 UTC"
"Denmark","DNK","2020","44","wood_products",2092700780.507,"https://comtradeapi.un.org/public/v1/preview/C/A/HS","2026-08-02 05:47:38 UTC"
"Denmark","DNK","2020","TOTAL","all_imports",95778398378.87,"https://comtradeapi.un.org/public/v1/preview/C/A/HS","2026-08-02 05:47:38 UTC"
"Ecuador","ECU","2016","01","live_animals",26209395,"https://comtradeapi.un.org/public/v1/preview/C/A/HS","2026-08-02 05:47:38 UTC"
"Ecuador","ECU","2016","03","fish_aquatic_products",78688073,"https://comtradeapi.un.org/public/v1/preview/C/A/HS","2026-08-02 05:47:38 UTC"
"Ecuador","ECU","2016","06","live_plants",15593019,"https://comtradeapi.un.org/public/v1/preview/C/A/HS","2026-08-02 05:47:38 UTC"
"Ecuador","ECU","2016","44","wood_products",39464952,"https://comtradeapi.un.org/public/v1/preview/C/A/HS","2026-08-02 05:47:38 UTC"
"Ecuador","ECU","2016","TOTAL","all_imports",16188692759,"https://comtradeapi.un.org/public/v1/preview/C/A/HS","2026-08-02 05:47:38 UTC"
"Ecuador","ECU","2017","01","live_animals",23387335.68,"https://comtradeapi.un.org/public/v1/preview/C/A/HS","2026-08-02 05:47:38 UTC"
"Ecuador","ECU","2017","03","fish_aquatic_products",82280081.33,"https://comtradeapi.un.org/public/v1/preview/C/A/HS","2026-08-02 05:47:38 UTC"
"Ecuador","ECU","2017","06","live_plants",18982789.03,"https://comtradeapi.un.org/public/v1/preview/C/A/HS","2026-08-02 05:47:38 UTC"
"Ecuador","ECU","2017","44","wood_products",41882659.05,"https://comtradeapi.un.org/public/v1/preview/C/A/HS","2026-08-02 05:47:38 UTC"
"Ecuador","ECU","2017","TOTAL","all_imports",19844243617.71,"https://comtradeapi.un.org/public/v1/preview/C/A/HS","2026-08-02 05:47:38 UTC"
"Ecuador","ECU","2018","01","live_animals",25453037.955,"https://comtradeapi.un.org/public/v1/preview/C/A/HS","2026-08-02 05:47:38 UTC"
"Ecuador","ECU","2018","03","fish_aquatic_products",112515037.935,"https://comtradeapi.un.org/public/v1/preview/C/A/HS","2026-08-02 05:47:38 UTC"
"Ecuador","ECU","2018","06","live_plants",21484382.017,"https://comtradeapi.un.org/public/v1/preview/C/A/HS","2026-08-02 05:47:38 UTC"
"Ecuador","ECU","2018","44","wood_products",62478283.271,"https://comtradeapi.un.org/public/v1/preview/C/A/HS","2026-08-02 05:47:38 UTC"
"Ecuador","ECU","2018","TOTAL","all_imports",23177496854.698,"https://comtradeapi.un.org/public/v1/preview/C/A/HS","2026-08-02 05:47:38 UTC"
"Ecuador","ECU","2019","01","live_animals",24709363.501,"https://comtradeapi.un.org/public/v1/preview/C/A/HS","2026-08-02 05:47:38 UTC"
"Ecuador","ECU","2019","03","fish_aquatic_products",131078530.369,"https://comtradeapi.un.org/public/v1/preview/C/A/HS","2026-08-02 05:47:38 UTC"
"Ecuador","ECU","2019","06","live_plants",21451068.983,"https://comtradeapi.un.org/public/v1/preview/C/A/HS","2026-08-02 05:47:38 UTC"
"Ecuador","ECU","2019","44","wood_products",57408528.598,"https://comtradeapi.un.org/public/v1/preview/C/A/HS","2026-08-02 05:47:38 UTC"
"Ecuador","ECU","2019","TOTAL","all_imports",22564309274.124,"https://comtradeapi.un.org/public/v1/preview/C/A/HS","2026-08-02 05:47:38 UTC"
"Ecuador","ECU","2020","01","live_animals",21577128.167,"https://comtradeapi.un.org/public/v1/preview/C/A/HS","2026-08-02 05:47:38 UTC"
"Ecuador","ECU","2020","03","fish_aquatic_products",102557803.378,"https://comtradeapi.un.org/public/v1/preview/C/A/HS","2026-08-02 05:47:38 UTC"
"Ecuador","ECU","2020","06","live_plants",21505917.369,"https://comtradeapi.un.org/public/v1/preview/C/A/HS","2026-08-02 05:47:38 UTC"
"Ecuador","ECU","2020","44","wood_products",42194821.002,"https://comtradeapi.un.org/public/v1/preview/C/A/HS","2026-08-02 05:47:38 UTC"
"Ecuador","ECU","2020","TOTAL","all_imports",17917997364.652,"https://comtradeapi.un.org/public/v1/preview/C/A/HS","2026-08-02 05:47:38 UTC"
"Ethiopia","ETH","2016","01","live_animals",7263060.652,"https://comtradeapi.un.org/public/v1/preview/C/A/HS","2026-08-02 05:47:38 UTC"
"Ethiopia","ETH","2016","03","fish_aquatic_products",692345.181,"https://comtradeapi.un.org/public/v1/preview/C/A/HS","2026-08-02 05:47:38 UTC"
"Ethiopia","ETH","2016","06","live_plants",3596197.323,"https://comtradeapi.un.org/public/v1/preview/C/A/HS","2026-08-02 05:47:38 UTC"
"Ethiopia","ETH","2016","44","wood_products",91672193.285,"https://comtradeapi.un.org/public/v1/preview/C/A/HS","2026-08-02 05:47:38 UTC"
"Ethiopia","ETH","2016","TOTAL","all_imports",17451145266.389,"https://comtradeapi.un.org/public/v1/preview/C/A/HS","2026-08-02 05:47:38 UTC"
"Ethiopia","ETH","2017","01","live_animals",10654876.124,"https://comtradeapi.un.org/public/v1/preview/C/A/HS","2026-08-02 05:47:38 UTC"
"Ethiopia","ETH","2017","03","fish_aquatic_products",740196.117,"https://comtradeapi.un.org/public/v1/preview/C/A/HS","2026-08-02 05:47:38 UTC"
"Ethiopia","ETH","2017","06","live_plants",2631668.164,"https://comtradeapi.un.org/public/v1/preview/C/A/HS","2026-08-02 05:47:38 UTC"
"Ethiopia","ETH","2017","44","wood_products",110007958.87,"https://comtradeapi.un.org/public/v1/preview/C/A/HS","2026-08-02 05:47:38 UTC"
"Ethiopia","ETH","2017","TOTAL","all_imports",15758882146.875,"https://comtradeapi.un.org/public/v1/preview/C/A/HS","2026-08-02 05:47:38 UTC"
"Ethiopia","ETH","2018","01","live_animals",10456474.792,"https://comtradeapi.un.org/public/v1/preview/C/A/HS","2026-08-02 05:47:38 UTC"
"Ethiopia","ETH","2018","03","fish_aquatic_products",928458.152,"https://comtradeapi.un.org/public/v1/preview/C/A/HS","2026-08-02 05:47:38 UTC"
"Ethiopia","ETH","2018","06","live_plants",3170556.608,"https://comtradeapi.un.org/public/v1/preview/C/A/HS","2026-08-02 05:47:38 UTC"
"Ethiopia","ETH","2018","44","wood_products",62643290.075,"https://comtradeapi.un.org/public/v1/preview/C/A/HS","2026-08-02 05:47:38 UTC"
"Ethiopia","ETH","2018","TOTAL","all_imports",14985595756.567,"https://comtradeapi.un.org/public/v1/preview/C/A/HS","2026-08-02 05:47:38 UTC"
"Ethiopia","ETH","2019","01","live_animals",8429132.59,"https://comtradeapi.un.org/public/v1/preview/C/A/HS","2026-08-02 05:47:38 UTC"
"Ethiopia","ETH","2019","03","fish_aquatic_products",1144136.52,"https://comtradeapi.un.org/public/v1/preview/C/A/HS","2026-08-02 05:47:38 UTC"
"Ethiopia","ETH","2019","06","live_plants",2507169.58,"https://comtradeapi.un.org/public/v1/preview/C/A/HS","2026-08-02 05:47:38 UTC"
"Ethiopia","ETH","2019","44","wood_products",98848380.14,"https://comtradeapi.un.org/public/v1/preview/C/A/HS","2026-08-02 05:47:38 UTC"
"Ethiopia","ETH","2019","TOTAL","all_imports",15533415853.65,"https://comtradeapi.un.org/public/v1/preview/C/A/HS","2026-08-02 05:47:38 UTC"
"Ethiopia","ETH","2020","01","live_animals",8048030.41,"https://comtradeapi.un.org/public/v1/preview/C/A/HS","2026-08-02 05:47:38 UTC"
"Ethiopia","ETH","2020","03","fish_aquatic_products",622738.78,"https://comtradeapi.un.org/public/v1/preview/C/A/HS","2026-08-02 05:47:38 UTC"
"Ethiopia","ETH","2020","06","live_plants",3660196.91,"https://comtradeapi.un.org/public/v1/preview/C/A/HS","2026-08-02 05:47:38 UTC"
"Ethiopia","ETH","2020","44","wood_products",60479410.01,"https://comtradeapi.un.org/public/v1/preview/C/A/HS","2026-08-02 05:47:38 UTC"
"Ethiopia","ETH","2020","TOTAL","all_imports",14090449257.25,"https://comtradeapi.un.org/public/v1/preview/C/A/HS","2026-08-02 05:47:38 UTC"
"Fiji","FJI","2016","01","live_animals",1290556.893,"https://comtradeapi.un.org/public/v1/preview/C/A/HS","2026-08-02 05:47:38 UTC"
"Fiji","FJI","2016","03","fish_aquatic_products",68953762.514,"https://comtradeapi.un.org/public/v1/preview/C/A/HS","2026-08-02 05:47:38 UTC"
"Fiji","FJI","2016","06","live_plants",52404.79,"https://comtradeapi.un.org/public/v1/preview/C/A/HS","2026-08-02 05:47:38 UTC"
"Fiji","FJI","2016","44","wood_products",25447862.38,"https://comtradeapi.un.org/public/v1/preview/C/A/HS","2026-08-02 05:47:38 UTC"
"Fiji","FJI","2016","TOTAL","all_imports",2301660539.769,"https://comtradeapi.un.org/public/v1/preview/C/A/HS","2026-08-02 05:47:38 UTC"
"Fiji","FJI","2017","01","live_animals",1787101.49,"https://comtradeapi.un.org/public/v1/preview/C/A/HS","2026-08-02 05:47:38 UTC"
"Fiji","FJI","2017","03","fish_aquatic_products",74066973.731,"https://comtradeapi.un.org/public/v1/preview/C/A/HS","2026-08-02 05:47:38 UTC"
"Fiji","FJI","2017","06","live_plants",57228.796,"https://comtradeapi.un.org/public/v1/preview/C/A/HS","2026-08-02 05:47:38 UTC"
"Fiji","FJI","2017","44","wood_products",14590350.656,"https://comtradeapi.un.org/public/v1/preview/C/A/HS","2026-08-02 05:47:38 UTC"
"Fiji","FJI","2017","TOTAL","all_imports",2406005392.938,"https://comtradeapi.un.org/public/v1/preview/C/A/HS","2026-08-02 05:47:38 UTC"
"Fiji","FJI","2018","01","live_animals",2043363.582,"https://comtradeapi.un.org/public/v1/preview/C/A/HS","2026-08-02 05:47:38 UTC"
"Fiji","FJI","2018","03","fish_aquatic_products",29621815.621,"https://comtradeapi.un.org/public/v1/preview/C/A/HS","2026-08-02 05:47:38 UTC"
"Fiji","FJI","2018","06","live_plants",80195.142,"https://comtradeapi.un.org/public/v1/preview/C/A/HS","2026-08-02 05:47:38 UTC"
"Fiji","FJI","2018","44","wood_products",13776035.821,"https://comtradeapi.un.org/public/v1/preview/C/A/HS","2026-08-02 05:47:38 UTC"
"Fiji","FJI","2018","TOTAL","all_imports",2729102104.728,"https://comtradeapi.un.org/public/v1/preview/C/A/HS","2026-08-02 05:47:38 UTC"
"Fiji","FJI","2019","01","live_animals",2041292.068,"https://comtradeapi.un.org/public/v1/preview/C/A/HS","2026-08-02 05:47:38 UTC"
"Fiji","FJI","2019","03","fish_aquatic_products",26583711.374,"https://comtradeapi.un.org/public/v1/preview/C/A/HS","2026-08-02 05:47:38 UTC"
"Fiji","FJI","2019","06","live_plants",63904.881,"https://comtradeapi.un.org/public/v1/preview/C/A/HS","2026-08-02 05:47:38 UTC"
"Fiji","FJI","2019","44","wood_products",10876491.401,"https://comtradeapi.un.org/public/v1/preview/C/A/HS","2026-08-02 05:47:38 UTC"
"Fiji","FJI","2019","TOTAL","all_imports",2781213915.378,"https://comtradeapi.un.org/public/v1/preview/C/A/HS","2026-08-02 05:47:38 UTC"
"Fiji","FJI","2020","01","live_animals",1751286.048,"https://comtradeapi.un.org/public/v1/preview/C/A/HS","2026-08-02 05:47:38 UTC"
"Fiji","FJI","2020","03","fish_aquatic_products",33443213.102,"https://comtradeapi.un.org/public/v1/preview/C/A/HS","2026-08-02 05:47:38 UTC"
"Fiji","FJI","2020","06","live_plants",54232.63,"https://comtradeapi.un.org/public/v1/preview/C/A/HS","2026-08-02 05:47:38 UTC"
"Fiji","FJI","2020","44","wood_products",8636081.938,"https://comtradeapi.un.org/public/v1/preview/C/A/HS","2026-08-02 05:47:38 UTC"
"Fiji","FJI","2020","TOTAL","all_imports",1730545905.907,"https://comtradeapi.un.org/public/v1/preview/C/A/HS","2026-08-02 05:47:38 UTC"
"Finland","FIN","2016","01","live_animals",6675601,"https://comtradeapi.un.org/public/v1/preview/C/A/HS","2026-08-02 05:47:38 UTC"
"Finland","FIN","2016","03","fish_aquatic_products",313645958,"https://comtradeapi.un.org/public/v1/preview/C/A/HS","2026-08-02 05:47:38 UTC"
"Finland","FIN","2016","06","live_plants",128604540,"https://comtradeapi.un.org/public/v1/preview/C/A/HS","2026-08-02 05:47:38 UTC"
"Finland","FIN","2016","44","wood_products",769141476,"https://comtradeapi.un.org/public/v1/preview/C/A/HS","2026-08-02 05:47:38 UTC"
"Finland","FIN","2016","TOTAL","all_imports",60501949554,"https://comtradeapi.un.org/public/v1/preview/C/A/HS","2026-08-02 05:47:38 UTC"
"Finland","FIN","2017","01","live_animals",6102969.604,"https://comtradeapi.un.org/public/v1/preview/C/A/HS","2026-08-02 05:47:38 UTC"
"Finland","FIN","2017","03","fish_aquatic_products",455206780.688,"https://comtradeapi.un.org/public/v1/preview/C/A/HS","2026-08-02 05:47:38 UTC"
"Finland","FIN","2017","06","live_plants",136801147.169,"https://comtradeapi.un.org/public/v1/preview/C/A/HS","2026-08-02 05:47:38 UTC"
"Finland","FIN","2017","44","wood_products",808710952.259,"https://comtradeapi.un.org/public/v1/preview/C/A/HS","2026-08-02 05:47:38 UTC"
"Finland","FIN","2017","TOTAL","all_imports",70100319875.007,"https://comtradeapi.un.org/public/v1/preview/C/A/HS","2026-08-02 05:47:38 UTC"
"Finland","FIN","2018","01","live_animals",8150467.517,"https://comtradeapi.un.org/public/v1/preview/C/A/HS","2026-08-02 05:47:38 UTC"
"Finland","FIN","2018","03","fish_aquatic_products",489251748.98,"https://comtradeapi.un.org/public/v1/preview/C/A/HS","2026-08-02 05:47:38 UTC"
"Finland","FIN","2018","06","live_plants",144622312.204,"https://comtradeapi.un.org/public/v1/preview/C/A/HS","2026-08-02 05:47:38 UTC"
"Finland","FIN","2018","44","wood_products",1142994288.875,"https://comtradeapi.un.org/public/v1/preview/C/A/HS","2026-08-02 05:47:38 UTC"
"Finland","FIN","2018","TOTAL","all_imports",78352161411.624,"https://comtradeapi.un.org/public/v1/preview/C/A/HS","2026-08-02 05:47:38 UTC"
"Finland","FIN","2019","01","live_animals",8514765.388,"https://comtradeapi.un.org/public/v1/preview/C/A/HS","2026-08-02 05:47:38 UTC"
"Finland","FIN","2019","03","fish_aquatic_products",417078416.176,"https://comtradeapi.un.org/public/v1/preview/C/A/HS","2026-08-02 05:47:38 UTC"
"Finland","FIN","2019","06","live_plants",135606684.13,"https://comtradeapi.un.org/public/v1/preview/C/A/HS","2026-08-02 05:47:38 UTC"
"Finland","FIN","2019","44","wood_products",1046250445.068,"https://comtradeapi.un.org/public/v1/preview/C/A/HS","2026-08-02 05:47:38 UTC"
"Finland","FIN","2019","TOTAL","all_imports",73719857019.413,"https://comtradeapi.un.org/public/v1/preview/C/A/HS","2026-08-02 05:47:38 UTC"
"Finland","FIN","2020","01","live_animals",9044351.1,"https://comtradeapi.un.org/public/v1/preview/C/A/HS","2026-08-02 05:47:38 UTC"
"Finland","FIN","2020","03","fish_aquatic_products",402260144.093,"https://comtradeapi.un.org/public/v1/preview/C/A/HS","2026-08-02 05:47:38 UTC"
"Finland","FIN","2020","06","live_plants",140557757.985,"https://comtradeapi.un.org/public/v1/preview/C/A/HS","2026-08-02 05:47:38 UTC"
"Finland","FIN","2020","44","wood_products",1050530406.669,"https://comtradeapi.un.org/public/v1/preview/C/A/HS","2026-08-02 05:47:38 UTC"
"Finland","FIN","2020","TOTAL","all_imports",68266522010.137,"https://comtradeapi.un.org/public/v1/preview/C/A/HS","2026-08-02 05:47:38 UTC"
"Germany","DEU","2016","01","live_animals",2256771577.403,"https://comtradeapi.un.org/public/v1/preview/C/A/HS","2026-08-02 05:47:38 UTC"
"Germany","DEU","2016","03","fish_aquatic_products",4625924972.661,"https://comtradeapi.un.org/public/v1/preview/C/A/HS","2026-08-02 05:47:38 UTC"
"Germany","DEU","2016","06","live_plants",3081184569.5,"https://comtradeapi.un.org/public/v1/preview/C/A/HS","2026-08-02 05:47:38 UTC"
"Germany","DEU","2016","44","wood_products",8311145240.825,"https://comtradeapi.un.org/public/v1/preview/C/A/HS","2026-08-02 05:47:38 UTC"
"Germany","DEU","2016","TOTAL","all_imports",1060882070132.76,"https://comtradeapi.un.org/public/v1/preview/C/A/HS","2026-08-02 05:47:38 UTC"
"Germany","DEU","2017","01","live_animals",1977609414.314,"https://comtradeapi.un.org/public/v1/preview/C/A/HS","2026-08-02 05:47:38 UTC"
"Germany","DEU","2017","03","fish_aquatic_products",4491133207.438,"https://comtradeapi.un.org/public/v1/preview/C/A/HS","2026-08-02 05:47:38 UTC"
"Germany","DEU","2017","06","live_plants",2895750791.528,"https://comtradeapi.un.org/public/v1/preview/C/A/HS","2026-08-02 05:47:38 UTC"
"Germany","DEU","2017","44","wood_products",7883789980.942,"https://comtradeapi.un.org/public/v1/preview/C/A/HS","2026-08-02 05:47:38 UTC"
"Germany","DEU","2017","TOTAL","all_imports",1119617190542.96,"https://comtradeapi.un.org/public/v1/preview/C/A/HS","2026-08-02 05:47:38 UTC"
"Germany","DEU","2018","01","live_animals",1918199259.217,"https://comtradeapi.un.org/public/v1/preview/C/A/HS","2026-08-02 05:47:38 UTC"
"Germany","DEU","2018","03","fish_aquatic_products",4812142645.79,"https://comtradeapi.un.org/public/v1/preview/C/A/HS","2026-08-02 05:47:38 UTC"
"Germany","DEU","2018","06","live_plants",3376568918.583,"https://comtradeapi.un.org/public/v1/preview/C/A/HS","2026-08-02 05:47:38 UTC"
"Germany","DEU","2018","44","wood_products",9618292500.159,"https://comtradeapi.un.org/public/v1/preview/C/A/HS","2026-08-02 05:47:38 UTC"
"Germany","DEU","2018","TOTAL","all_imports",1292726052270.05,"https://comtradeapi.un.org/public/v1/preview/C/A/HS","2026-08-02 05:47:38 UTC"
"Germany","DEU","2019","01","live_animals",2055447047.205,"https://comtradeapi.un.org/public/v1/preview/C/A/HS","2026-08-02 05:47:38 UTC"
"Germany","DEU","2019","03","fish_aquatic_products",4739222258.99,"https://comtradeapi.un.org/public/v1/preview/C/A/HS","2026-08-02 05:47:38 UTC"
"Germany","DEU","2019","06","live_plants",3245898086.415,"https://comtradeapi.un.org/public/v1/preview/C/A/HS","2026-08-02 05:47:38 UTC"
"Germany","DEU","2019","44","wood_products",8819575222.555,"https://comtradeapi.un.org/public/v1/preview/C/A/HS","2026-08-02 05:47:38 UTC"
"Germany","DEU","2019","TOTAL","all_imports",1239895409104.58,"https://comtradeapi.un.org/public/v1/preview/C/A/HS","2026-08-02 05:47:38 UTC"
"Germany","DEU","2020","01","live_animals",1787071131.912,"https://comtradeapi.un.org/public/v1/preview/C/A/HS","2026-08-02 05:47:38 UTC"
"Germany","DEU","2020","03","fish_aquatic_products",4410491123.784,"https://comtradeapi.un.org/public/v1/preview/C/A/HS","2026-08-02 05:47:38 UTC"
"Germany","DEU","2020","06","live_plants",3308016672.409,"https://comtradeapi.un.org/public/v1/preview/C/A/HS","2026-08-02 05:47:38 UTC"
"Germany","DEU","2020","44","wood_products",8659704100.239,"https://comtradeapi.un.org/public/v1/preview/C/A/HS","2026-08-02 05:47:38 UTC"
"Germany","DEU","2020","TOTAL","all_imports",1173167331768.13,"https://comtradeapi.un.org/public/v1/preview/C/A/HS","2026-08-02 05:47:38 UTC"
"Ghana","GHA","2016","01","live_animals",9249662,"https://comtradeapi.un.org/public/v1/preview/C/A/HS","2026-08-02 05:47:38 UTC"
"Ghana","GHA","2016","03","fish_aquatic_products",301002390,"https://comtradeapi.un.org/public/v1/preview/C/A/HS","2026-08-02 05:47:38 UTC"
"Ghana","GHA","2016","06","live_plants",120724,"https://comtradeapi.un.org/public/v1/preview/C/A/HS","2026-08-02 05:47:38 UTC"
"Ghana","GHA","2016","44","wood_products",29219968,"https://comtradeapi.un.org/public/v1/preview/C/A/HS","2026-08-02 05:47:38 UTC"
"Ghana","GHA","2016","TOTAL","all_imports",11361004402,"https://comtradeapi.un.org/public/v1/preview/C/A/HS","2026-08-02 05:47:38 UTC"
"Ghana","GHA","2017","01","live_animals",9531786.185,"https://comtradeapi.un.org/public/v1/preview/C/A/HS","2026-08-02 05:47:38 UTC"
"Ghana","GHA","2017","03","fish_aquatic_products",245939458.467,"https://comtradeapi.un.org/public/v1/preview/C/A/HS","2026-08-02 05:47:38 UTC"
"Ghana","GHA","2017","06","live_plants",203490.218,"https://comtradeapi.un.org/public/v1/preview/C/A/HS","2026-08-02 05:47:38 UTC"
"Ghana","GHA","2017","44","wood_products",19095505.358,"https://comtradeapi.un.org/public/v1/preview/C/A/HS","2026-08-02 05:47:38 UTC"
"Ghana","GHA","2017","TOTAL","all_imports",12718141844.093,"https://comtradeapi.un.org/public/v1/preview/C/A/HS","2026-08-02 05:47:38 UTC"
"Ghana","GHA","2018","01","live_animals",10736776.858,"https://comtradeapi.un.org/public/v1/preview/C/A/HS","2026-08-02 05:47:38 UTC"
"Ghana","GHA","2018","03","fish_aquatic_products",240440430.62,"https://comtradeapi.un.org/public/v1/preview/C/A/HS","2026-08-02 05:47:38 UTC"
"Ghana","GHA","2018","06","live_plants",473667.6,"https://comtradeapi.un.org/public/v1/preview/C/A/HS","2026-08-02 05:47:38 UTC"
"Ghana","GHA","2018","44","wood_products",38000428.184,"https://comtradeapi.un.org/public/v1/preview/C/A/HS","2026-08-02 05:47:38 UTC"
"Ghana","GHA","2018","TOTAL","all_imports",11880470763.49,"https://comtradeapi.un.org/public/v1/preview/C/A/HS","2026-08-02 05:47:38 UTC"
"Ghana","GHA","2019","01","live_animals",12517752.816,"https://comtradeapi.un.org/public/v1/preview/C/A/HS","2026-08-02 05:47:38 UTC"
"Ghana","GHA","2019","03","fish_aquatic_products",206491367.03,"https://comtradeapi.un.org/public/v1/preview/C/A/HS","2026-08-02 05:47:38 UTC"
"Ghana","GHA","2019","06","live_plants",458416.393,"https://comtradeapi.un.org/public/v1/preview/C/A/HS","2026-08-02 05:47:38 UTC"
"Ghana","GHA","2019","44","wood_products",297464268.668,"https://comtradeapi.un.org/public/v1/preview/C/A/HS","2026-08-02 05:47:38 UTC"
"Ghana","GHA","2019","TOTAL","all_imports",10439795453.291,"https://comtradeapi.un.org/public/v1/preview/C/A/HS","2026-08-02 05:47:38 UTC"
"Greece","GRC","2016","01","live_animals",48038489,"https://comtradeapi.un.org/public/v1/preview/C/A/HS","2026-08-02 05:47:38 UTC"
"Greece","GRC","2016","03","fish_aquatic_products",418041468,"https://comtradeapi.un.org/public/v1/preview/C/A/HS","2026-08-02 05:47:38 UTC"
"Greece","GRC","2016","06","live_plants",48546870,"https://comtradeapi.un.org/public/v1/preview/C/A/HS","2026-08-02 05:47:38 UTC"
"Greece","GRC","2016","44","wood_products",334978293,"https://comtradeapi.un.org/public/v1/preview/C/A/HS","2026-08-02 05:47:38 UTC"
"Greece","GRC","2016","TOTAL","all_imports",47595035419,"https://comtradeapi.un.org/public/v1/preview/C/A/HS","2026-08-02 05:47:38 UTC"
"Greece","GRC","2017","01","live_animals",56699664.609,"https://comtradeapi.un.org/public/v1/preview/C/A/HS","2026-08-02 05:47:38 UTC"
"Greece","GRC","2017","03","fish_aquatic_products",485870890.939,"https://comtradeapi.un.org/public/v1/preview/C/A/HS","2026-08-02 05:47:38 UTC"
"Greece","GRC","2017","06","live_plants",59220030.299,"https://comtradeapi.un.org/public/v1/preview/C/A/HS","2026-08-02 05:47:38 UTC"
"Greece","GRC","2017","44","wood_products",335286995.048,"https://comtradeapi.un.org/public/v1/preview/C/A/HS","2026-08-02 05:47:38 UTC"
"Greece","GRC","2017","TOTAL","all_imports",55300597553.13,"https://comtradeapi.un.org/public/v1/preview/C/A/HS","2026-08-02 05:47:38 UTC"
"Greece","GRC","2018","01","live_animals",57385430.364,"https://comtradeapi.un.org/public/v1/preview/C/A/HS","2026-08-02 05:47:38 UTC"
"Greece","GRC","2018","03","fish_aquatic_products",545029533.075,"https://comtradeapi.un.org/public/v1/preview/C/A/HS","2026-08-02 05:47:38 UTC"
"Greece","GRC","2018","06","live_plants",63409575.654,"https://comtradeapi.un.org/public/v1/preview/C/A/HS","2026-08-02 05:47:38 UTC"
"Greece","GRC","2018","44","wood_products",398310078.625,"https://comtradeapi.un.org/public/v1/preview/C/A/HS","2026-08-02 05:47:38 UTC"
"Greece","GRC","2018","TOTAL","all_imports",65141447585.19,"https://comtradeapi.un.org/public/v1/preview/C/A/HS","2026-08-02 05:47:38 UTC"
"Greece","GRC","2019","01","live_animals",67283613.375,"https://comtradeapi.un.org/public/v1/preview/C/A/HS","2026-08-02 05:47:38 UTC"
"Greece","GRC","2019","03","fish_aquatic_products",528493052.383,"https://comtradeapi.un.org/public/v1/preview/C/A/HS","2026-08-02 05:47:38 UTC"
"Greece","GRC","2019","06","live_plants",59816962.529,"https://comtradeapi.un.org/public/v1/preview/C/A/HS","2026-08-02 05:47:38 UTC"
"Greece","GRC","2019","44","wood_products",398273092.975,"https://comtradeapi.un.org/public/v1/preview/C/A/HS","2026-08-02 05:47:38 UTC"
"Greece","GRC","2019","TOTAL","all_imports",62198045283.381,"https://comtradeapi.un.org/public/v1/preview/C/A/HS","2026-08-02 05:47:38 UTC"
"Greece","GRC","2020","01","live_animals",65527042.093,"https://comtradeapi.un.org/public/v1/preview/C/A/HS","2026-08-02 05:47:38 UTC"
"Greece","GRC","2020","03","fish_aquatic_products",408884073.361,"https://comtradeapi.un.org/public/v1/preview/C/A/HS","2026-08-02 05:47:38 UTC"
"Greece","GRC","2020","06","live_plants",54153711.087,"https://comtradeapi.un.org/public/v1/preview/C/A/HS","2026-08-02 05:47:38 UTC"
"Greece","GRC","2020","44","wood_products",374163905.461,"https://comtradeapi.un.org/public/v1/preview/C/A/HS","2026-08-02 05:47:38 UTC"
"Greece","GRC","2020","TOTAL","all_imports",55533637799.335,"https://comtradeapi.un.org/public/v1/preview/C/A/HS","2026-08-02 05:47:38 UTC"
"Grenada","GRD","2016","01","live_animals",587677.931,"https://comtradeapi.un.org/public/v1/preview/C/A/HS","2026-08-02 05:47:38 UTC"
"Grenada","GRD","2016","03","fish_aquatic_products",2341333.585,"https://comtradeapi.un.org/public/v1/preview/C/A/HS","2026-08-02 05:47:38 UTC"
"Grenada","GRD","2016","06","live_plants",130479.87,"https://comtradeapi.un.org/public/v1/preview/C/A/HS","2026-08-02 05:47:38 UTC"
"Grenada","GRD","2016","44","wood_products",11128928.501,"https://comtradeapi.un.org/public/v1/preview/C/A/HS","2026-08-02 05:47:38 UTC"
"Grenada","GRD","2016","TOTAL","all_imports",383701223.706,"https://comtradeapi.un.org/public/v1/preview/C/A/HS","2026-08-02 05:47:38 UTC"
"Grenada","GRD","2017","01","live_animals",657980.823,"https://comtradeapi.un.org/public/v1/preview/C/A/HS","2026-08-02 05:47:38 UTC"
"Grenada","GRD","2017","03","fish_aquatic_products",2821577.919,"https://comtradeapi.un.org/public/v1/preview/C/A/HS","2026-08-02 05:47:38 UTC"
"Grenada","GRD","2017","06","live_plants",84392.138,"https://comtradeapi.un.org/public/v1/preview/C/A/HS","2026-08-02 05:47:38 UTC"
"Grenada","GRD","2017","44","wood_products",12848902.336,"https://comtradeapi.un.org/public/v1/preview/C/A/HS","2026-08-02 05:47:38 UTC"
"Grenada","GRD","2017","TOTAL","all_imports",405426843.832,"https://comtradeapi.un.org/public/v1/preview/C/A/HS","2026-08-02 05:47:38 UTC"
"Grenada","GRD","2018","01","live_animals",972818.286,"https://comtradeapi.un.org/public/v1/preview/C/A/HS","2026-08-02 05:47:38 UTC"
"Grenada","GRD","2018","03","fish_aquatic_products",3217727.523,"https://comtradeapi.un.org/public/v1/preview/C/A/HS","2026-08-02 05:47:38 UTC"
"Grenada","GRD","2018","06","live_plants",218784.226,"https://comtradeapi.un.org/public/v1/preview/C/A/HS","2026-08-02 05:47:38 UTC"
"Grenada","GRD","2018","44","wood_products",17180626.893,"https://comtradeapi.un.org/public/v1/preview/C/A/HS","2026-08-02 05:47:38 UTC"
"Grenada","GRD","2018","TOTAL","all_imports",514805692.972,"https://comtradeapi.un.org/public/v1/preview/C/A/HS","2026-08-02 05:47:38 UTC"
"Grenada","GRD","2019","01","live_animals",1311294.92,"https://comtradeapi.un.org/public/v1/preview/C/A/HS","2026-08-02 05:47:38 UTC"
"Grenada","GRD","2019","03","fish_aquatic_products",3358165.824,"https://comtradeapi.un.org/public/v1/preview/C/A/HS","2026-08-02 05:47:38 UTC"
"Grenada","GRD","2019","06","live_plants",131034.455,"https://comtradeapi.un.org/public/v1/preview/C/A/HS","2026-08-02 05:47:38 UTC"
"Grenada","GRD","2019","44","wood_products",13353472.55,"https://comtradeapi.un.org/public/v1/preview/C/A/HS","2026-08-02 05:47:38 UTC"
"Grenada","GRD","2019","TOTAL","all_imports",479834567.646,"https://comtradeapi.un.org/public/v1/preview/C/A/HS","2026-08-02 05:47:38 UTC"
"Grenada","GRD","2020","01","live_animals",758881.172,"https://comtradeapi.un.org/public/v1/preview/C/A/HS","2026-08-02 05:47:38 UTC"
"Grenada","GRD","2020","03","fish_aquatic_products",2676687.622,"https://comtradeapi.un.org/public/v1/preview/C/A/HS","2026-08-02 05:47:38 UTC"
"Grenada","GRD","2020","06","live_plants",49763.337,"https://comtradeapi.un.org/public/v1/preview/C/A/HS","2026-08-02 05:47:38 UTC"
"Grenada","GRD","2020","44","wood_products",10852384.572,"https://comtradeapi.un.org/public/v1/preview/C/A/HS","2026-08-02 05:47:38 UTC"
"Grenada","GRD","2020","TOTAL","all_imports",394551606.009,"https://comtradeapi.un.org/public/v1/preview/C/A/HS","2026-08-02 05:47:38 UTC"
"Indonesia","IDN","2016","01","live_animals",616127734,"https://comtradeapi.un.org/public/v1/preview/C/A/HS","2026-08-02 05:47:38 UTC"
"Indonesia","IDN","2016","03","fish_aquatic_products",235033263,"https://comtradeapi.un.org/public/v1/preview/C/A/HS","2026-08-02 05:47:38 UTC"
"Indonesia","IDN","2016","06","live_plants",4495149,"https://comtradeapi.un.org/public/v1/preview/C/A/HS","2026-08-02 05:47:38 UTC"
"Indonesia","IDN","2016","44","wood_products",330529105,"https://comtradeapi.un.org/public/v1/preview/C/A/HS","2026-08-02 05:47:38 UTC"
"Indonesia","IDN","2016","TOTAL","all_imports",135652799792,"https://comtradeapi.un.org/public/v1/preview/C/A/HS","2026-08-02 05:47:38 UTC"
"Indonesia","IDN","2017","01","live_animals",548388369,"https://comtradeapi.un.org/public/v1/preview/C/A/HS","2026-08-02 05:47:38 UTC"
"Indonesia","IDN","2017","03","fish_aquatic_products",285634274,"https://comtradeapi.un.org/public/v1/preview/C/A/HS","2026-08-02 05:47:38 UTC"
"Indonesia","IDN","2017","06","live_plants",5875432,"https://comtradeapi.un.org/public/v1/preview/C/A/HS","2026-08-02 05:47:38 UTC"
"Indonesia","IDN","2017","44","wood_products",399332920,"https://comtradeapi.un.org/public/v1/preview/C/A/HS","2026-08-02 05:47:38 UTC"
"Indonesia","IDN","2017","TOTAL","all_imports",156985501122,"https://comtradeapi.un.org/public/v1/preview/C/A/HS","2026-08-02 05:47:38 UTC"
"Indonesia","IDN","2018","01","live_animals",608900288,"https://comtradeapi.un.org/public/v1/preview/C/A/HS","2026-08-02 05:47:38 UTC"
"Indonesia","IDN","2018","03","fish_aquatic_products",290777199,"https://comtradeapi.un.org/public/v1/preview/C/A/HS","2026-08-02 05:47:38 UTC"
"Indonesia","IDN","2018","06","live_plants",7221421,"https://comtradeapi.un.org/public/v1/preview/C/A/HS","2026-08-02 05:47:38 UTC"
"Indonesia","IDN","2018","44","wood_products",447967231,"https://comtradeapi.un.org/public/v1/preview/C/A/HS","2026-08-02 05:47:38 UTC"
"Indonesia","IDN","2018","TOTAL","all_imports",188711171618,"https://comtradeapi.un.org/public/v1/preview/C/A/HS","2026-08-02 05:47:38 UTC"
"Indonesia","IDN","2019","01","live_animals",631124330,"https://comtradeapi.un.org/public/v1/preview/C/A/HS","2026-08-02 05:47:38 UTC"
"Indonesia","IDN","2019","03","fish_aquatic_products",299109919,"https://comtradeapi.un.org/public/v1/preview/C/A/HS","2026-08-02 05:47:38 UTC"
"Indonesia","IDN","2019","06","live_plants",9341589,"https://comtradeapi.un.org/public/v1/preview/C/A/HS","2026-08-02 05:47:38 UTC"
"Indonesia","IDN","2019","44","wood_products",541341728,"https://comtradeapi.un.org/public/v1/preview/C/A/HS","2026-08-02 05:47:38 UTC"
"Indonesia","IDN","2019","TOTAL","all_imports",171275708684,"https://comtradeapi.un.org/public/v1/preview/C/A/HS","2026-08-02 05:47:38 UTC"
"Indonesia","IDN","2020","01","live_animals",471010135,"https://comtradeapi.un.org/public/v1/preview/C/A/HS","2026-08-02 05:47:38 UTC"
"Indonesia","IDN","2020","03","fish_aquatic_products",256754044,"https://comtradeapi.un.org/public/v1/preview/C/A/HS","2026-08-02 05:47:38 UTC"
"Indonesia","IDN","2020","06","live_plants",8016616,"https://comtradeapi.un.org/public/v1/preview/C/A/HS","2026-08-02 05:47:38 UTC"
"Indonesia","IDN","2020","44","wood_products",350176425,"https://comtradeapi.un.org/public/v1/preview/C/A/HS","2026-08-02 05:47:38 UTC"
"Indonesia","IDN","2020","TOTAL","all_imports",141568761235,"https://comtradeapi.un.org/public/v1/preview/C/A/HS","2026-08-02 05:47:38 UTC"
"Israel","ISR","2016","01","live_animals",279424000,"https://comtradeapi.un.org/public/v1/preview/C/A/HS","2026-08-02 05:47:38 UTC"
"Israel","ISR","2016","03","fish_aquatic_products",402988000,"https://comtradeapi.un.org/public/v1/preview/C/A/HS","2026-08-02 05:47:38 UTC"
"Israel","ISR","2016","06","live_plants",15142000,"https://comtradeapi.un.org/public/v1/preview/C/A/HS","2026-08-02 05:47:38 UTC"
"Israel","ISR","2016","44","wood_products",580121000,"https://comtradeapi.un.org/public/v1/preview/C/A/HS","2026-08-02 05:47:38 UTC"
"Israel","ISR","2016","TOTAL","all_imports",65802693000,"https://comtradeapi.un.org/public/v1/preview/C/A/HS","2026-08-02 05:47:38 UTC"
"Israel","ISR","2017","01","live_animals",256612000,"https://comtradeapi.un.org/public/v1/preview/C/A/HS","2026-08-02 05:47:38 UTC"
"Israel","ISR","2017","03","fish_aquatic_products",489972000,"https://comtradeapi.un.org/public/v1/preview/C/A/HS","2026-08-02 05:47:38 UTC"
"Israel","ISR","2017","06","live_plants",16811000,"https://comtradeapi.un.org/public/v1/preview/C/A/HS","2026-08-02 05:47:38 UTC"
"Israel","ISR","2017","44","wood_products",628653000,"https://comtradeapi.un.org/public/v1/preview/C/A/HS","2026-08-02 05:47:38 UTC"
"Israel","ISR","2017","TOTAL","all_imports",69115976000,"https://comtradeapi.un.org/public/v1/preview/C/A/HS","2026-08-02 05:47:38 UTC"
"Israel","ISR","2018","01","live_animals",297660000,"https://comtradeapi.un.org/public/v1/preview/C/A/HS","2026-08-02 05:47:38 UTC"
"Israel","ISR","2018","03","fish_aquatic_products",497941000,"https://comtradeapi.un.org/public/v1/preview/C/A/HS","2026-08-02 05:47:38 UTC"
"Israel","ISR","2018","06","live_plants",17440000,"https://comtradeapi.un.org/public/v1/preview/C/A/HS","2026-08-02 05:47:38 UTC"
"Israel","ISR","2018","44","wood_products",679539000,"https://comtradeapi.un.org/public/v1/preview/C/A/HS","2026-08-02 05:47:38 UTC"
"Israel","ISR","2018","TOTAL","all_imports",76584110000,"https://comtradeapi.un.org/public/v1/preview/C/A/HS","2026-08-02 05:47:38 UTC"
"Israel","ISR","2019","01","live_animals",302987000,"https://comtradeapi.un.org/public/v1/preview/C/A/HS","2026-08-02 05:47:38 UTC"
"Israel","ISR","2019","03","fish_aquatic_products",528736000,"https://comtradeapi.un.org/public/v1/preview/C/A/HS","2026-08-02 05:47:38 UTC"
"Israel","ISR","2019","06","live_plants",19251000,"https://comtradeapi.un.org/public/v1/preview/C/A/HS","2026-08-02 05:47:38 UTC"
"Israel","ISR","2019","44","wood_products",602975000,"https://comtradeapi.un.org/public/v1/preview/C/A/HS","2026-08-02 05:47:38 UTC"
"Israel","ISR","2019","TOTAL","all_imports",76578559000,"https://comtradeapi.un.org/public/v1/preview/C/A/HS","2026-08-02 05:47:38 UTC"
"Israel","ISR","2020","01","live_animals",309874000,"https://comtradeapi.un.org/public/v1/preview/C/A/HS","2026-08-02 05:47:38 UTC"
"Israel","ISR","2020","03","fish_aquatic_products",474666000,"https://comtradeapi.un.org/public/v1/preview/C/A/HS","2026-08-02 05:47:38 UTC"
"Israel","ISR","2020","06","live_plants",23679000,"https://comtradeapi.un.org/public/v1/preview/C/A/HS","2026-08-02 05:47:38 UTC"
"Israel","ISR","2020","44","wood_products",644191000,"https://comtradeapi.un.org/public/v1/preview/C/A/HS","2026-08-02 05:47:38 UTC"
"Israel","ISR","2020","TOTAL","all_imports",69260696000,"https://comtradeapi.un.org/public/v1/preview/C/A/HS","2026-08-02 05:47:38 UTC"
"Italy","ITA","2016","01","live_animals",1606460505.657,"https://comtradeapi.un.org/public/v1/preview/C/A/HS","2026-08-02 05:47:38 UTC"
"Italy","ITA","2016","03","fish_aquatic_products",4885004537.98,"https://comtradeapi.un.org/public/v1/preview/C/A/HS","2026-08-02 05:47:38 UTC"
"Italy","ITA","2016","06","live_plants",600386973.864,"https://comtradeapi.un.org/public/v1/preview/C/A/HS","2026-08-02 05:47:38 UTC"
"Italy","ITA","2016","44","wood_products",4300041338.728,"https://comtradeapi.un.org/public/v1/preview/C/A/HS","2026-08-02 05:47:38 UTC"
"Italy","ITA","2016","TOTAL","all_imports",406670669866.631,"https://comtradeapi.un.org/public/v1/preview/C/A/HS","2026-08-02 05:47:38 UTC"
"Italy","ITA","2017","01","live_animals",1766589453.078,"https://comtradeapi.un.org/public/v1/preview/C/A/HS","2026-08-02 05:47:38 UTC"
"Italy","ITA","2017","03","fish_aquatic_products",5169446480.415,"https://comtradeapi.un.org/public/v1/preview/C/A/HS","2026-08-02 05:47:38 UTC"
"Italy","ITA","2017","06","live_plants",636005879.757,"https://comtradeapi.un.org/public/v1/preview/C/A/HS","2026-08-02 05:47:38 UTC"
"Italy","ITA","2017","44","wood_products",4566525372.67,"https://comtradeapi.un.org/public/v1/preview/C/A/HS","2026-08-02 05:47:38 UTC"
"Italy","ITA","2017","TOTAL","all_imports",453548450658.717,"https://comtradeapi.un.org/public/v1/preview/C/A/HS","2026-08-02 05:47:38 UTC"
"Italy","ITA","2018","01","live_animals",1851762142.322,"https://comtradeapi.un.org/public/v1/preview/C/A/HS","2026-08-02 05:47:38 UTC"
"Italy","ITA","2018","03","fish_aquatic_products",5510150995.715,"https://comtradeapi.un.org/public/v1/preview/C/A/HS","2026-08-02 05:47:38 UTC"
"Italy","ITA","2018","06","live_plants",612607716.588,"https://comtradeapi.un.org/public/v1/preview/C/A/HS","2026-08-02 05:47:38 UTC"
"Italy","ITA","2018","44","wood_products",4947274584.183,"https://comtradeapi.un.org/public/v1/preview/C/A/HS","2026-08-02 05:47:38 UTC"
"Italy","ITA","2018","TOTAL","all_imports",503134787802.294,"https://comtradeapi.un.org/public/v1/preview/C/A/HS","2026-08-02 05:47:38 UTC"
"Italy","ITA","2019","01","live_animals",1349736384.044,"https://comtradeapi.un.org/public/v1/preview/C/A/HS","2026-08-02 05:47:38 UTC"
"Italy","ITA","2019","03","fish_aquatic_products",5238390704.583,"https://comtradeapi.un.org/public/v1/preview/C/A/HS","2026-08-02 05:47:38 UTC"
"Italy","ITA","2019","06","live_plants",444680040.022,"https://comtradeapi.un.org/public/v1/preview/C/A/HS","2026-08-02 05:47:38 UTC"
"Italy","ITA","2019","44","wood_products",4546447831.9,"https://comtradeapi.un.org/public/v1/preview/C/A/HS","2026-08-02 05:47:38 UTC"
"Italy","ITA","2019","TOTAL","all_imports",474957327527.243,"https://comtradeapi.un.org/public/v1/preview/C/A/HS","2026-08-02 05:47:38 UTC"
"Italy","ITA","2020","01","live_animals",1675504769.724,"https://comtradeapi.un.org/public/v1/preview/C/A/HS","2026-08-02 05:47:38 UTC"
"Italy","ITA","2020","03","fish_aquatic_products",4541109106.05,"https://comtradeapi.un.org/public/v1/preview/C/A/HS","2026-08-02 05:47:38 UTC"
"Italy","ITA","2020","06","live_plants",616773478.013,"https://comtradeapi.un.org/public/v1/preview/C/A/HS","2026-08-02 05:47:38 UTC"
"Italy","ITA","2020","44","wood_products",4065828024.45,"https://comtradeapi.un.org/public/v1/preview/C/A/HS","2026-08-02 05:47:38 UTC"
"Italy","ITA","2020","TOTAL","all_imports",426475840328.677,"https://comtradeapi.un.org/public/v1/preview/C/A/HS","2026-08-02 05:47:38 UTC"
"Japan","JPN","2016","01","live_animals",189903846,"https://comtradeapi.un.org/public/v1/preview/C/A/HS","2026-08-02 05:47:38 UTC"
"Japan","JPN","2016","03","fish_aquatic_products",10795760597,"https://comtradeapi.un.org/public/v1/preview/C/A/HS","2026-08-02 05:47:38 UTC"
"Japan","JPN","2016","06","live_plants",582833631,"https://comtradeapi.un.org/public/v1/preview/C/A/HS","2026-08-02 05:47:38 UTC"
"Japan","JPN","2016","44","wood_products",10153718057,"https://comtradeapi.un.org/public/v1/preview/C/A/HS","2026-08-02 05:47:38 UTC"
"Japan","JPN","2016","TOTAL","all_imports",606924046814,"https://comtradeapi.un.org/public/v1/preview/C/A/HS","2026-08-02 05:47:38 UTC"
"Japan","JPN","2017","01","live_animals",228209120.259,"https://comtradeapi.un.org/public/v1/preview/C/A/HS","2026-08-02 05:47:38 UTC"
"Japan","JPN","2017","03","fish_aquatic_products",11718522390.872,"https://comtradeapi.un.org/public/v1/preview/C/A/HS","2026-08-02 05:47:38 UTC"
"Japan","JPN","2017","06","live_plants",585553314.759,"https://comtradeapi.un.org/public/v1/preview/C/A/HS","2026-08-02 05:47:38 UTC"
"Japan","JPN","2017","44","wood_products",10268635341.75,"https://comtradeapi.un.org/public/v1/preview/C/A/HS","2026-08-02 05:47:38 UTC"
"Japan","JPN","2017","TOTAL","all_imports",671920666787.755,"https://comtradeapi.un.org/public/v1/preview/C/A/HS","2026-08-02 05:47:38 UTC"
"Japan","JPN","2018","01","live_animals",269529499.45,"https://comtradeapi.un.org/public/v1/preview/C/A/HS","2026-08-02 05:47:38 UTC"
"Japan","JPN","2018","03","fish_aquatic_products",11881419851.522,"https://comtradeapi.un.org/public/v1/preview/C/A/HS","2026-08-02 05:47:38 UTC"
"Japan","JPN","2018","06","live_plants",606502088.322,"https://comtradeapi.un.org/public/v1/preview/C/A/HS","2026-08-02 05:47:38 UTC"
"Japan","JPN","2018","44","wood_products",11173922730.697,"https://comtradeapi.un.org/public/v1/preview/C/A/HS","2026-08-02 05:47:38 UTC"
"Japan","JPN","2018","TOTAL","all_imports",748525278186.958,"https://comtradeapi.un.org/public/v1/preview/C/A/HS","2026-08-02 05:47:38 UTC"
"Japan","JPN","2019","01","live_animals",261247523.565,"https://comtradeapi.un.org/public/v1/preview/C/A/HS","2026-08-02 05:47:38 UTC"
"Japan","JPN","2019","03","fish_aquatic_products",11541356664.748,"https://comtradeapi.un.org/public/v1/preview/C/A/HS","2026-08-02 05:47:38 UTC"
"Japan","JPN","2019","06","live_plants",601146807.891,"https://comtradeapi.un.org/public/v1/preview/C/A/HS","2026-08-02 05:47:38 UTC"
"Japan","JPN","2019","44","wood_products",10700810683.741,"https://comtradeapi.un.org/public/v1/preview/C/A/HS","2026-08-02 05:47:38 UTC"
"Japan","JPN","2019","TOTAL","all_imports",721077406256.171,"https://comtradeapi.un.org/public/v1/preview/C/A/HS","2026-08-02 05:47:38 UTC"
"Japan","JPN","2020","01","live_animals",248287507.07,"https://comtradeapi.un.org/public/v1/preview/C/A/HS","2026-08-02 05:47:38 UTC"
"Japan","JPN","2020","03","fish_aquatic_products",9949409099.856,"https://comtradeapi.un.org/public/v1/preview/C/A/HS","2026-08-02 05:47:38 UTC"
"Japan","JPN","2020","06","live_plants",554025968.031,"https://comtradeapi.un.org/public/v1/preview/C/A/HS","2026-08-02 05:47:38 UTC"
"Japan","JPN","2020","44","wood_products",8832532178.128,"https://comtradeapi.un.org/public/v1/preview/C/A/HS","2026-08-02 05:47:38 UTC"
"Japan","JPN","2020","TOTAL","all_imports",635402321812.275,"https://comtradeapi.un.org/public/v1/preview/C/A/HS","2026-08-02 05:47:38 UTC"
"Kenya","KEN","2016","01","live_animals",2620064.99,"https://comtradeapi.un.org/public/v1/preview/C/A/HS","2026-08-02 05:47:38 UTC"
"Kenya","KEN","2016","03","fish_aquatic_products",20836261.22,"https://comtradeapi.un.org/public/v1/preview/C/A/HS","2026-08-02 05:47:38 UTC"
"Kenya","KEN","2016","06","live_plants",6113058.22,"https://comtradeapi.un.org/public/v1/preview/C/A/HS","2026-08-02 05:47:38 UTC"
"Kenya","KEN","2016","44","wood_products",55281195.37,"https://comtradeapi.un.org/public/v1/preview/C/A/HS","2026-08-02 05:47:38 UTC"
"Kenya","KEN","2016","TOTAL","all_imports",14113435915.77,"https://comtradeapi.un.org/public/v1/preview/C/A/HS","2026-08-02 05:47:38 UTC"
"Kenya","KEN","2017","01","live_animals",5334682.654,"https://comtradeapi.un.org/public/v1/preview/C/A/HS","2026-08-02 05:47:38 UTC"
"Kenya","KEN","2017","03","fish_aquatic_products",23958884.725,"https://comtradeapi.un.org/public/v1/preview/C/A/HS","2026-08-02 05:47:38 UTC"
"Kenya","KEN","2017","06","live_plants",6153479.113,"https://comtradeapi.un.org/public/v1/preview/C/A/HS","2026-08-02 05:47:38 UTC"
"Kenya","KEN","2017","44","wood_products",52760629.496,"https://comtradeapi.un.org/public/v1/preview/C/A/HS","2026-08-02 05:47:38 UTC"
"Kenya","KEN","2017","TOTAL","all_imports",16690197046.812,"https://comtradeapi.un.org/public/v1/preview/C/A/HS","2026-08-02 05:47:38 UTC"
"Kenya","KEN","2018","01","live_animals",4808278.775,"https://comtradeapi.un.org/public/v1/preview/C/A/HS","2026-08-02 05:47:38 UTC"
"Kenya","KEN","2018","03","fish_aquatic_products",28654712.37,"https://comtradeapi.un.org/public/v1/preview/C/A/HS","2026-08-02 05:47:38 UTC"
"Kenya","KEN","2018","06","live_plants",6199733.005,"https://comtradeapi.un.org/public/v1/preview/C/A/HS","2026-08-02 05:47:38 UTC"
"Kenya","KEN","2018","44","wood_products",86357115.269,"https://comtradeapi.un.org/public/v1/preview/C/A/HS","2026-08-02 05:47:38 UTC"
"Kenya","KEN","2018","TOTAL","all_imports",17376721272.03,"https://comtradeapi.un.org/public/v1/preview/C/A/HS","2026-08-02 05:47:38 UTC"
"Kenya","KEN","2019","01","live_animals",14162393.86,"https://comtradeapi.un.org/public/v1/preview/C/A/HS","2026-08-02 05:47:38 UTC"
"Kenya","KEN","2019","03","fish_aquatic_products",26013067.99,"https://comtradeapi.un.org/public/v1/preview/C/A/HS","2026-08-02 05:47:38 UTC"
"Kenya","KEN","2019","06","live_plants",4339198.64,"https://comtradeapi.un.org/public/v1/preview/C/A/HS","2026-08-02 05:47:38 UTC"
"Kenya","KEN","2019","44","wood_products",113026514.37,"https://comtradeapi.un.org/public/v1/preview/C/A/HS","2026-08-02 05:47:38 UTC"
"Kenya","KEN","2019","TOTAL","all_imports",17210001018.47,"https://comtradeapi.un.org/public/v1/preview/C/A/HS","2026-08-02 05:47:38 UTC"
"Kenya","KEN","2020","01","live_animals",11282411.504,"https://comtradeapi.un.org/public/v1/preview/C/A/HS","2026-08-02 05:47:38 UTC"
"Kenya","KEN","2020","03","fish_aquatic_products",19822766.472,"https://comtradeapi.un.org/public/v1/preview/C/A/HS","2026-08-02 05:47:38 UTC"
"Kenya","KEN","2020","06","live_plants",6159603.33,"https://comtradeapi.un.org/public/v1/preview/C/A/HS","2026-08-02 05:47:38 UTC"
"Kenya","KEN","2020","44","wood_products",139746471.126,"https://comtradeapi.un.org/public/v1/preview/C/A/HS","2026-08-02 05:47:38 UTC"
"Kenya","KEN","2020","TOTAL","all_imports",15407437140.087,"https://comtradeapi.un.org/public/v1/preview/C/A/HS","2026-08-02 05:47:38 UTC"
"Malaysia","MYS","2016","01","live_animals",83557861,"https://comtradeapi.un.org/public/v1/preview/C/A/HS","2026-08-02 05:47:38 UTC"
"Malaysia","MYS","2016","03","fish_aquatic_products",775342411,"https://comtradeapi.un.org/public/v1/preview/C/A/HS","2026-08-02 05:47:38 UTC"
"Malaysia","MYS","2016","06","live_plants",10636625,"https://comtradeapi.un.org/public/v1/preview/C/A/HS","2026-08-02 05:47:38 UTC"
"Malaysia","MYS","2016","44","wood_products",574941550,"https://comtradeapi.un.org/public/v1/preview/C/A/HS","2026-08-02 05:47:38 UTC"
"Malaysia","MYS","2016","TOTAL","all_imports",168375228233,"https://comtradeapi.un.org/public/v1/preview/C/A/HS","2026-08-02 05:47:38 UTC"
"Malaysia","MYS","2017","01","live_animals",62837914.214,"https://comtradeapi.un.org/public/v1/preview/C/A/HS","2026-08-02 05:47:38 UTC"
"Malaysia","MYS","2017","03","fish_aquatic_products",812226979.025,"https://comtradeapi.un.org/public/v1/preview/C/A/HS","2026-08-02 05:47:38 UTC"
"Malaysia","MYS","2017","06","live_plants",11144855.014,"https://comtradeapi.un.org/public/v1/preview/C/A/HS","2026-08-02 05:47:38 UTC"
"Malaysia","MYS","2017","44","wood_products",683251784.396,"https://comtradeapi.un.org/public/v1/preview/C/A/HS","2026-08-02 05:47:38 UTC"
"Malaysia","MYS","2017","TOTAL","all_imports",194720187072.802,"https://comtradeapi.un.org/public/v1/preview/C/A/HS","2026-08-02 05:47:38 UTC"
"Malaysia","MYS","2018","01","live_animals",68095781.516,"https://comtradeapi.un.org/public/v1/preview/C/A/HS","2026-08-02 05:47:38 UTC"
"Malaysia","MYS","2018","03","fish_aquatic_products",887583304.545,"https://comtradeapi.un.org/public/v1/preview/C/A/HS","2026-08-02 05:47:38 UTC"
"Malaysia","MYS","2018","06","live_plants",13326471.298,"https://comtradeapi.un.org/public/v1/preview/C/A/HS","2026-08-02 05:47:38 UTC"
"Malaysia","MYS","2018","44","wood_products",853200373.514,"https://comtradeapi.un.org/public/v1/preview/C/A/HS","2026-08-02 05:47:38 UTC"
"Malaysia","MYS","2018","TOTAL","all_imports",218018425150.571,"https://comtradeapi.un.org/public/v1/preview/C/A/HS","2026-08-02 05:47:38 UTC"
"Malaysia","MYS","2019","01","live_animals",57709123.003,"https://comtradeapi.un.org/public/v1/preview/C/A/HS","2026-08-02 05:47:38 UTC"
"Malaysia","MYS","2019","03","fish_aquatic_products",964741435.74,"https://comtradeapi.un.org/public/v1/preview/C/A/HS","2026-08-02 05:47:38 UTC"
"Malaysia","MYS","2019","06","live_plants",15771770.805,"https://comtradeapi.un.org/public/v1/preview/C/A/HS","2026-08-02 05:47:38 UTC"
"Malaysia","MYS","2019","44","wood_products",765654759.642,"https://comtradeapi.un.org/public/v1/preview/C/A/HS","2026-08-02 05:47:38 UTC"
"Malaysia","MYS","2019","TOTAL","all_imports",205030495401.332,"https://comtradeapi.un.org/public/v1/preview/C/A/HS","2026-08-02 05:47:38 UTC"
"Malaysia","MYS","2020","01","live_animals",59515595.928,"https://comtradeapi.un.org/public/v1/preview/C/A/HS","2026-08-02 05:47:38 UTC"
"Malaysia","MYS","2020","03","fish_aquatic_products",919297718.81,"https://comtradeapi.un.org/public/v1/preview/C/A/HS","2026-08-02 05:47:38 UTC"
"Malaysia","MYS","2020","06","live_plants",14202682.838,"https://comtradeapi.un.org/public/v1/preview/C/A/HS","2026-08-02 05:47:38 UTC"
"Malaysia","MYS","2020","44","wood_products",809215716.347,"https://comtradeapi.un.org/public/v1/preview/C/A/HS","2026-08-02 05:47:38 UTC"
"Malaysia","MYS","2020","TOTAL","all_imports",190404531974.83,"https://comtradeapi.un.org/public/v1/preview/C/A/HS","2026-08-02 05:47:38 UTC"
"Maldives","MDV","2016","01","live_animals",121114,"https://comtradeapi.un.org/public/v1/preview/C/A/HS","2026-08-02 05:47:38 UTC"
"Maldives","MDV","2016","03","fish_aquatic_products",23214375,"https://comtradeapi.un.org/public/v1/preview/C/A/HS","2026-08-02 05:47:38 UTC"
"Maldives","MDV","2016","06","live_plants",2501838,"https://comtradeapi.un.org/public/v1/preview/C/A/HS","2026-08-02 05:47:38 UTC"
"Maldives","MDV","2016","44","wood_products",83907470,"https://comtradeapi.un.org/public/v1/preview/C/A/HS","2026-08-02 05:47:38 UTC"
"Maldives","MDV","2016","TOTAL","all_imports",2127968569,"https://comtradeapi.un.org/public/v1/preview/C/A/HS","2026-08-02 05:47:38 UTC"
"Maldives","MDV","2017","01","live_animals",123227.591,"https://comtradeapi.un.org/public/v1/preview/C/A/HS","2026-08-02 05:47:38 UTC"
"Maldives","MDV","2017","03","fish_aquatic_products",28784280.512,"https://comtradeapi.un.org/public/v1/preview/C/A/HS","2026-08-02 05:47:38 UTC"
"Maldives","MDV","2017","06","live_plants",1627574.108,"https://comtradeapi.un.org/public/v1/preview/C/A/HS","2026-08-02 05:47:38 UTC"
"Maldives","MDV","2017","44","wood_products",109731455.397,"https://comtradeapi.un.org/public/v1/preview/C/A/HS","2026-08-02 05:47:38 UTC"
"Maldives","MDV","2017","TOTAL","all_imports",2359606355.418,"https://comtradeapi.un.org/public/v1/preview/C/A/HS","2026-08-02 05:47:38 UTC"
"Maldives","MDV","2018","01","live_animals",158889.034,"https://comtradeapi.un.org/public/v1/preview/C/A/HS","2026-08-02 05:47:38 UTC"
"Maldives","MDV","2018","03","fish_aquatic_products",28242193.549,"https://comtradeapi.un.org/public/v1/preview/C/A/HS","2026-08-02 05:47:38 UTC"
"Maldives","MDV","2018","06","live_plants",4757765.516,"https://comtradeapi.un.org/public/v1/preview/C/A/HS","2026-08-02 05:47:38 UTC"
"Maldives","MDV","2018","44","wood_products",130150721.414,"https://comtradeapi.un.org/public/v1/preview/C/A/HS","2026-08-02 05:47:38 UTC"
"Maldives","MDV","2018","TOTAL","all_imports",2961026844.005,"https://comtradeapi.un.org/public/v1/preview/C/A/HS","2026-08-02 05:47:38 UTC"
"Maldives","MDV","2019","01","live_animals",234965.7,"https://comtradeapi.un.org/public/v1/preview/C/A/HS","2026-08-02 05:47:38 UTC"
"Maldives","MDV","2019","03","fish_aquatic_products",31556662.41,"https://comtradeapi.un.org/public/v1/preview/C/A/HS","2026-08-02 05:47:38 UTC"
"Maldives","MDV","2019","06","live_plants",4202341.56,"https://comtradeapi.un.org/public/v1/preview/C/A/HS","2026-08-02 05:47:38 UTC"
"Maldives","MDV","2019","44","wood_products",121450864.04,"https://comtradeapi.un.org/public/v1/preview/C/A/HS","2026-08-02 05:47:38 UTC"
"Maldives","MDV","2019","TOTAL","all_imports",2887030894.364,"https://comtradeapi.un.org/public/v1/preview/C/A/HS","2026-08-02 05:47:38 UTC"
"Maldives","MDV","2020","01","live_animals",198146.376,"https://comtradeapi.un.org/public/v1/preview/C/A/HS","2026-08-02 05:47:38 UTC"
"Maldives","MDV","2020","03","fish_aquatic_products",12698547.45,"https://comtradeapi.un.org/public/v1/preview/C/A/HS","2026-08-02 05:47:38 UTC"
"Maldives","MDV","2020","06","live_plants",1964945.764,"https://comtradeapi.un.org/public/v1/preview/C/A/HS","2026-08-02 05:47:38 UTC"
"Maldives","MDV","2020","44","wood_products",69420784.436,"https://comtradeapi.un.org/public/v1/preview/C/A/HS","2026-08-02 05:47:38 UTC"
"Maldives","MDV","2020","TOTAL","all_imports",1837987690.239,"https://comtradeapi.un.org/public/v1/preview/C/A/HS","2026-08-02 05:47:38 UTC"
"Mexico","MEX","2016","01","live_animals",174833028,"https://comtradeapi.un.org/public/v1/preview/C/A/HS","2026-08-02 05:47:38 UTC"
"Mexico","MEX","2016","03","fish_aquatic_products",609865895,"https://comtradeapi.un.org/public/v1/preview/C/A/HS","2026-08-02 05:47:38 UTC"
"Mexico","MEX","2016","06","live_plants",113970015,"https://comtradeapi.un.org/public/v1/preview/C/A/HS","2026-08-02 05:47:38 UTC"
"Mexico","MEX","2016","44","wood_products",1561416031,"https://comtradeapi.un.org/public/v1/preview/C/A/HS","2026-08-02 05:47:38 UTC"
"Mexico","MEX","2016","TOTAL","all_imports",387087412856,"https://comtradeapi.un.org/public/v1/preview/C/A/HS","2026-08-02 05:47:38 UTC"
"Mexico","MEX","2017","01","live_animals",186186440,"https://comtradeapi.un.org/public/v1/preview/C/A/HS","2026-08-02 05:47:38 UTC"
"Mexico","MEX","2017","03","fish_aquatic_products",705761566,"https://comtradeapi.un.org/public/v1/preview/C/A/HS","2026-08-02 05:47:38 UTC"
"Mexico","MEX","2017","06","live_plants",117684995,"https://comtradeapi.un.org/public/v1/preview/C/A/HS","2026-08-02 05:47:38 UTC"
"Mexico","MEX","2017","44","wood_products",1601955038,"https://comtradeapi.un.org/public/v1/preview/C/A/HS","2026-08-02 05:47:38 UTC"
"Mexico","MEX","2017","TOTAL","all_imports",420394590810,"https://comtradeapi.un.org/public/v1/preview/C/A/HS","2026-08-02 05:47:38 UTC"
"Mexico","MEX","2018","01","live_animals",183796582,"https://comtradeapi.un.org/public/v1/preview/C/A/HS","2026-08-02 05:47:38 UTC"
"Mexico","MEX","2018","03","fish_aquatic_products",697010904,"https://comtradeapi.un.org/public/v1/preview/C/A/HS","2026-08-02 05:47:38 UTC"
"Mexico","MEX","2018","06","live_plants",135498454,"https://comtradeapi.un.org/public/v1/preview/C/A/HS","2026-08-02 05:47:38 UTC"
"Mexico","MEX","2018","44","wood_products",1727055381,"https://comtradeapi.un.org/public/v1/preview/C/A/HS","2026-08-02 05:47:38 UTC"
"Mexico","MEX","2018","TOTAL","all_imports",464294259444,"https://comtradeapi.un.org/public/v1/preview/C/A/HS","2026-08-02 05:47:38 UTC"
"Mexico","MEX","2019","01","live_animals",174348394,"https://comtradeapi.un.org/public/v1/preview/C/A/HS","2026-08-02 05:47:38 UTC"
"Mexico","MEX","2019","03","fish_aquatic_products",644598582,"https://comtradeapi.un.org/public/v1/preview/C/A/HS","2026-08-02 05:47:38 UTC"
"Mexico","MEX","2019","06","live_plants",145024353,"https://comtradeapi.un.org/public/v1/preview/C/A/HS","2026-08-02 05:47:38 UTC"
"Mexico","MEX","2019","44","wood_products",1662528097,"https://comtradeapi.un.org/public/v1/preview/C/A/HS","2026-08-02 05:47:38 UTC"
"Mexico","MEX","2019","TOTAL","all_imports",455235784381,"https://comtradeapi.un.org/public/v1/preview/C/A/HS","2026-08-02 05:47:38 UTC"
"Mexico","MEX","2020","01","live_animals",161412927,"https://comtradeapi.un.org/public/v1/preview/C/A/HS","2026-08-02 05:47:38 UTC"
"Mexico","MEX","2020","03","fish_aquatic_products",519683748,"https://comtradeapi.un.org/public/v1/preview/C/A/HS","2026-08-02 05:47:38 UTC"
"Mexico","MEX","2020","06","live_plants",136602880,"https://comtradeapi.un.org/public/v1/preview/C/A/HS","2026-08-02 05:47:38 UTC"
"Mexico","MEX","2020","44","wood_products",1466641896,"https://comtradeapi.un.org/public/v1/preview/C/A/HS","2026-08-02 05:47:38 UTC"
"Mexico","MEX","2020","TOTAL","all_imports",382979895758,"https://comtradeapi.un.org/public/v1/preview/C/A/HS","2026-08-02 05:47:38 UTC"
"Netherlands","NLD","2016","01","live_animals",1291519512.913,"https://comtradeapi.un.org/public/v1/preview/C/A/HS","2026-08-02 05:47:38 UTC"
"Netherlands","NLD","2016","03","fish_aquatic_products",2161830859.281,"https://comtradeapi.un.org/public/v1/preview/C/A/HS","2026-08-02 05:47:38 UTC"
"Netherlands","NLD","2016","06","live_plants",2218488400.207,"https://comtradeapi.un.org/public/v1/preview/C/A/HS","2026-08-02 05:47:38 UTC"
"Netherlands","NLD","2016","44","wood_products",3148113026.971,"https://comtradeapi.un.org/public/v1/preview/C/A/HS","2026-08-02 05:47:38 UTC"
"Netherlands","NLD","2016","TOTAL","all_imports",408052965790.39,"https://comtradeapi.un.org/public/v1/preview/C/A/HS","2026-08-02 05:47:38 UTC"
"Netherlands","NLD","2017","01","live_animals",1401357322.488,"https://comtradeapi.un.org/public/v1/preview/C/A/HS","2026-08-02 05:47:38 UTC"
"Netherlands","NLD","2017","03","fish_aquatic_products",2382482641.587,"https://comtradeapi.un.org/public/v1/preview/C/A/HS","2026-08-02 05:47:38 UTC"
"Netherlands","NLD","2017","06","live_plants",2366137151.16,"https://comtradeapi.un.org/public/v1/preview/C/A/HS","2026-08-02 05:47:38 UTC"
"Netherlands","NLD","2017","44","wood_products",3480767748.038,"https://comtradeapi.un.org/public/v1/preview/C/A/HS","2026-08-02 05:47:38 UTC"
"Netherlands","NLD","2017","TOTAL","all_imports",461902678720.285,"https://comtradeapi.un.org/public/v1/preview/C/A/HS","2026-08-02 05:47:38 UTC"
"Netherlands","NLD","2018","01","live_animals",1393232881.65,"https://comtradeapi.un.org/public/v1/preview/C/A/HS","2026-08-02 05:47:38 UTC"
"Netherlands","NLD","2018","03","fish_aquatic_products",2495484918.472,"https://comtradeapi.un.org/public/v1/preview/C/A/HS","2026-08-02 05:47:38 UTC"
"Netherlands","NLD","2018","06","live_plants",2496385106.916,"https://comtradeapi.un.org/public/v1/preview/C/A/HS","2026-08-02 05:47:38 UTC"
"Netherlands","NLD","2018","44","wood_products",3981672729.597,"https://comtradeapi.un.org/public/v1/preview/C/A/HS","2026-08-02 05:47:38 UTC"
"Netherlands","NLD","2018","TOTAL","all_imports",521035627912.044,"https://comtradeapi.un.org/public/v1/preview/C/A/HS","2026-08-02 05:47:38 UTC"
"Netherlands","NLD","2019","01","live_animals",1410563333.233,"https://comtradeapi.un.org/public/v1/preview/C/A/HS","2026-08-02 05:47:38 UTC"
"Netherlands","NLD","2019","03","fish_aquatic_products",2336129109.653,"https://comtradeapi.un.org/public/v1/preview/C/A/HS","2026-08-02 05:47:38 UTC"
"Netherlands","NLD","2019","06","live_plants",2423556086.326,"https://comtradeapi.un.org/public/v1/preview/C/A/HS","2026-08-02 05:47:38 UTC"
"Netherlands","NLD","2019","44","wood_products",3961431637.629,"https://comtradeapi.un.org/public/v1/preview/C/A/HS","2026-08-02 05:47:38 UTC"
"Netherlands","NLD","2019","TOTAL","all_imports",514857687783.7,"https://comtradeapi.un.org/public/v1/preview/C/A/HS","2026-08-02 05:47:38 UTC"
"Netherlands","NLD","2020","01","live_animals",1292753890.702,"https://comtradeapi.un.org/public/v1/preview/C/A/HS","2026-08-02 05:47:38 UTC"
"Netherlands","NLD","2020","03","fish_aquatic_products",2395597339.045,"https://comtradeapi.un.org/public/v1/preview/C/A/HS","2026-08-02 05:47:38 UTC"
"Netherlands","NLD","2020","06","live_plants",2565280157.287,"https://comtradeapi.un.org/public/v1/preview/C/A/HS","2026-08-02 05:47:38 UTC"
"Netherlands","NLD","2020","44","wood_products",4372785263.472,"https://comtradeapi.un.org/public/v1/preview/C/A/HS","2026-08-02 05:47:38 UTC"
"Netherlands","NLD","2020","TOTAL","all_imports",484088530592.55,"https://comtradeapi.un.org/public/v1/preview/C/A/HS","2026-08-02 05:47:38 UTC"
"New Zealand","NZL","2016","01","live_animals",63302161.329,"https://comtradeapi.un.org/public/v1/preview/C/A/HS","2026-08-02 05:47:38 UTC"
"New Zealand","NZL","2016","03","fish_aquatic_products",86051308.589,"https://comtradeapi.un.org/public/v1/preview/C/A/HS","2026-08-02 05:47:38 UTC"
"New Zealand","NZL","2016","06","live_plants",11149310.024,"https://comtradeapi.un.org/public/v1/preview/C/A/HS","2026-08-02 05:47:38 UTC"
"New Zealand","NZL","2016","44","wood_products",220404244.208,"https://comtradeapi.un.org/public/v1/preview/C/A/HS","2026-08-02 05:47:38 UTC"
"New Zealand","NZL","2016","TOTAL","all_imports",36043910189.809,"https://comtradeapi.un.org/public/v1/preview/C/A/HS","2026-08-02 05:47:38 UTC"
"New Zealand","NZL","2017","01","live_animals",61312873.567,"https://comtradeapi.un.org/public/v1/preview/C/A/HS","2026-08-02 05:47:38 UTC"
"New Zealand","NZL","2017","03","fish_aquatic_products",100863601.3,"https://comtradeapi.un.org/public/v1/preview/C/A/HS","2026-08-02 05:47:38 UTC"
"New Zealand","NZL","2017","06","live_plants",12485349.737,"https://comtradeapi.un.org/public/v1/preview/C/A/HS","2026-08-02 05:47:38 UTC"
"New Zealand","NZL","2017","44","wood_products",249585494.884,"https://comtradeapi.un.org/public/v1/preview/C/A/HS","2026-08-02 05:47:38 UTC"
"New Zealand","NZL","2017","TOTAL","all_imports",40128439163.468,"https://comtradeapi.un.org/public/v1/preview/C/A/HS","2026-08-02 05:47:38 UTC"
"New Zealand","NZL","2018","01","live_animals",51296770.134,"https://comtradeapi.un.org/public/v1/preview/C/A/HS","2026-08-02 05:47:38 UTC"
"New Zealand","NZL","2018","03","fish_aquatic_products",101473078.692,"https://comtradeapi.un.org/public/v1/preview/C/A/HS","2026-08-02 05:47:38 UTC"
"New Zealand","NZL","2018","06","live_plants",13328002.264,"https://comtradeapi.un.org/public/v1/preview/C/A/HS","2026-08-02 05:47:38 UTC"
"New Zealand","NZL","2018","44","wood_products",281528114.729,"https://comtradeapi.un.org/public/v1/preview/C/A/HS","2026-08-02 05:47:38 UTC"
"New Zealand","NZL","2018","TOTAL","all_imports",43736245673.655,"https://comtradeapi.un.org/public/v1/preview/C/A/HS","2026-08-02 05:47:38 UTC"
"New Zealand","NZL","2019","01","live_animals",51019015.35,"https://comtradeapi.un.org/public/v1/preview/C/A/HS","2026-08-02 05:47:38 UTC"
"New Zealand","NZL","2019","03","fish_aquatic_products",109588771.9,"https://comtradeapi.un.org/public/v1/preview/C/A/HS","2026-08-02 05:47:38 UTC"
"New Zealand","NZL","2019","06","live_plants",12040803.929,"https://comtradeapi.un.org/public/v1/preview/C/A/HS","2026-08-02 05:47:38 UTC"
"New Zealand","NZL","2019","44","wood_products",279934217.949,"https://comtradeapi.un.org/public/v1/preview/C/A/HS","2026-08-02 05:47:38 UTC"
"New Zealand","NZL","2019","TOTAL","all_imports",42271276496.209,"https://comtradeapi.un.org/public/v1/preview/C/A/HS","2026-08-02 05:47:38 UTC"
"New Zealand","NZL","2020","01","live_animals",44826673.314,"https://comtradeapi.un.org/public/v1/preview/C/A/HS","2026-08-02 05:47:38 UTC"
"New Zealand","NZL","2020","03","fish_aquatic_products",123756989.772,"https://comtradeapi.un.org/public/v1/preview/C/A/HS","2026-08-02 05:47:38 UTC"
"New Zealand","NZL","2020","06","live_plants",11737198.681,"https://comtradeapi.un.org/public/v1/preview/C/A/HS","2026-08-02 05:47:38 UTC"
"New Zealand","NZL","2020","44","wood_products",262228085.721,"https://comtradeapi.un.org/public/v1/preview/C/A/HS","2026-08-02 05:47:38 UTC"
"New Zealand","NZL","2020","TOTAL","all_imports",36546073557.05,"https://comtradeapi.un.org/public/v1/preview/C/A/HS","2026-08-02 05:47:38 UTC"
"Pakistan","PAK","2016","01","live_animals",19668601,"https://comtradeapi.un.org/public/v1/preview/C/A/HS","2026-08-02 05:47:38 UTC"
"Pakistan","PAK","2016","03","fish_aquatic_products",17063713,"https://comtradeapi.un.org/public/v1/preview/C/A/HS","2026-08-02 05:47:38 UTC"
"Pakistan","PAK","2016","06","live_plants",4388451,"https://comtradeapi.un.org/public/v1/preview/C/A/HS","2026-08-02 05:47:38 UTC"
"Pakistan","PAK","2016","44","wood_products",202435802,"https://comtradeapi.un.org/public/v1/preview/C/A/HS","2026-08-02 05:47:38 UTC"
"Pakistan","PAK","2016","TOTAL","all_imports",46998269105,"https://comtradeapi.un.org/public/v1/preview/C/A/HS","2026-08-02 05:47:38 UTC"
"Pakistan","PAK","2017","01","live_animals",27129098.484,"https://comtradeapi.un.org/public/v1/preview/C/A/HS","2026-08-02 05:47:38 UTC"
"Pakistan","PAK","2017","03","fish_aquatic_products",22504739.045,"https://comtradeapi.un.org/public/v1/preview/C/A/HS","2026-08-02 05:47:38 UTC"
"Pakistan","PAK","2017","06","live_plants",4555600.212,"https://comtradeapi.un.org/public/v1/preview/C/A/HS","2026-08-02 05:47:38 UTC"
"Pakistan","PAK","2017","44","wood_products",214142105.647,"https://comtradeapi.un.org/public/v1/preview/C/A/HS","2026-08-02 05:47:38 UTC"
"Pakistan","PAK","2017","TOTAL","all_imports",57440012500.988,"https://comtradeapi.un.org/public/v1/preview/C/A/HS","2026-08-02 05:47:38 UTC"
"Pakistan","PAK","2018","01","live_animals",26897150.661,"https://comtradeapi.un.org/public/v1/preview/C/A/HS","2026-08-02 05:47:38 UTC"
"Pakistan","PAK","2018","03","fish_aquatic_products",10746169.206,"https://comtradeapi.un.org/public/v1/preview/C/A/HS","2026-08-02 05:47:38 UTC"
"Pakistan","PAK","2018","06","live_plants",3775576.058,"https://comtradeapi.un.org/public/v1/preview/C/A/HS","2026-08-02 05:47:38 UTC"
"Pakistan","PAK","2018","44","wood_products",216394869.391,"https://comtradeapi.un.org/public/v1/preview/C/A/HS","2026-08-02 05:47:38 UTC"
"Pakistan","PAK","2018","TOTAL","all_imports",60162862445.525,"https://comtradeapi.un.org/public/v1/preview/C/A/HS","2026-08-02 05:47:38 UTC"
"Pakistan","PAK","2019","01","live_animals",22478733.636,"https://comtradeapi.un.org/public/v1/preview/C/A/HS","2026-08-02 05:47:38 UTC"
"Pakistan","PAK","2019","03","fish_aquatic_products",10020762.076,"https://comtradeapi.un.org/public/v1/preview/C/A/HS","2026-08-02 05:47:38 UTC"
"Pakistan","PAK","2019","06","live_plants",2760384.358,"https://comtradeapi.un.org/public/v1/preview/C/A/HS","2026-08-02 05:47:38 UTC"
"Pakistan","PAK","2019","44","wood_products",191242783.664,"https://comtradeapi.un.org/public/v1/preview/C/A/HS","2026-08-02 05:47:38 UTC"
"Pakistan","PAK","2019","TOTAL","all_imports",50063059560.226,"https://comtradeapi.un.org/public/v1/preview/C/A/HS","2026-08-02 05:47:38 UTC"
"Pakistan","PAK","2020","01","live_animals",12041687.821,"https://comtradeapi.un.org/public/v1/preview/C/A/HS","2026-08-02 05:47:38 UTC"
"Pakistan","PAK","2020","03","fish_aquatic_products",6778893.961,"https://comtradeapi.un.org/public/v1/preview/C/A/HS","2026-08-02 05:47:38 UTC"
"Pakistan","PAK","2020","06","live_plants",2079822.908,"https://comtradeapi.un.org/public/v1/preview/C/A/HS","2026-08-02 05:47:38 UTC"
"Pakistan","PAK","2020","44","wood_products",161006116.731,"https://comtradeapi.un.org/public/v1/preview/C/A/HS","2026-08-02 05:47:38 UTC"
"Pakistan","PAK","2020","TOTAL","all_imports",45775135124.195,"https://comtradeapi.un.org/public/v1/preview/C/A/HS","2026-08-02 05:47:38 UTC"
"Panama","PAN","2016","01","live_animals",9735619,"https://comtradeapi.un.org/public/v1/preview/C/A/HS","2026-08-02 05:47:38 UTC"
"Panama","PAN","2016","03","fish_aquatic_products",30314949,"https://comtradeapi.un.org/public/v1/preview/C/A/HS","2026-08-02 05:47:38 UTC"
"Panama","PAN","2016","06","live_plants",8614574,"https://comtradeapi.un.org/public/v1/preview/C/A/HS","2026-08-02 05:47:38 UTC"
"Panama","PAN","2016","44","wood_products",77664283,"https://comtradeapi.un.org/public/v1/preview/C/A/HS","2026-08-02 05:47:38 UTC"
"Panama","PAN","2016","TOTAL","all_imports",20926278918,"https://comtradeapi.un.org/public/v1/preview/C/A/HS","2026-08-02 05:47:38 UTC"
"Panama","PAN","2017","01","live_animals",8355215,"https://comtradeapi.un.org/public/v1/preview/C/A/HS","2026-08-02 05:47:38 UTC"
"Panama","PAN","2017","03","fish_aquatic_products",37209930,"https://comtradeapi.un.org/public/v1/preview/C/A/HS","2026-08-02 05:47:38 UTC"
"Panama","PAN","2017","06","live_plants",10572620,"https://comtradeapi.un.org/public/v1/preview/C/A/HS","2026-08-02 05:47:38 UTC"
"Panama","PAN","2017","44","wood_products",81431099,"https://comtradeapi.un.org/public/v1/preview/C/A/HS","2026-08-02 05:47:38 UTC"
"Panama","PAN","2017","TOTAL","all_imports",21917361577,"https://comtradeapi.un.org/public/v1/preview/C/A/HS","2026-08-02 05:47:38 UTC"
"Panama","PAN","2018","01","live_animals",10990489,"https://comtradeapi.un.org/public/v1/preview/C/A/HS","2026-08-02 05:47:38 UTC"
"Panama","PAN","2018","03","fish_aquatic_products",38427311,"https://comtradeapi.un.org/public/v1/preview/C/A/HS","2026-08-02 05:47:38 UTC"
"Panama","PAN","2018","06","live_plants",11052006,"https://comtradeapi.un.org/public/v1/preview/C/A/HS","2026-08-02 05:47:38 UTC"
"Panama","PAN","2018","44","wood_products",74994210,"https://comtradeapi.un.org/public/v1/preview/C/A/HS","2026-08-02 05:47:38 UTC"
"Panama","PAN","2018","TOTAL","all_imports",22974913294,"https://comtradeapi.un.org/public/v1/preview/C/A/HS","2026-08-02 05:47:38 UTC"
"Panama","PAN","2019","01","live_animals",9742628,"https://comtradeapi.un.org/public/v1/preview/C/A/HS","2026-08-02 05:47:38 UTC"
"Panama","PAN","2019","03","fish_aquatic_products",42283094,"https://comtradeapi.un.org/public/v1/preview/C/A/HS","2026-08-02 05:47:38 UTC"
"Panama","PAN","2019","06","live_plants",10397641,"https://comtradeapi.un.org/public/v1/preview/C/A/HS","2026-08-02 05:47:38 UTC"
"Panama","PAN","2019","44","wood_products",73193806,"https://comtradeapi.un.org/public/v1/preview/C/A/HS","2026-08-02 05:47:38 UTC"
"Panama","PAN","2019","TOTAL","all_imports",21484233253,"https://comtradeapi.un.org/public/v1/preview/C/A/HS","2026-08-02 05:47:38 UTC"
"Panama","PAN","2020","01","live_animals",8618644,"https://comtradeapi.un.org/public/v1/preview/C/A/HS","2026-08-02 05:47:38 UTC"
"Panama","PAN","2020","03","fish_aquatic_products",24628824,"https://comtradeapi.un.org/public/v1/preview/C/A/HS","2026-08-02 05:47:38 UTC"
"Panama","PAN","2020","06","live_plants",6731292,"https://comtradeapi.un.org/public/v1/preview/C/A/HS","2026-08-02 05:47:38 UTC"
"Panama","PAN","2020","44","wood_products",44307082,"https://comtradeapi.un.org/public/v1/preview/C/A/HS","2026-08-02 05:47:38 UTC"
"Panama","PAN","2020","TOTAL","all_imports",14716521688,"https://comtradeapi.un.org/public/v1/preview/C/A/HS","2026-08-02 05:47:38 UTC"
"Peru","PER","2016","01","live_animals",18654580.31,"https://comtradeapi.un.org/public/v1/preview/C/A/HS","2026-08-02 05:47:38 UTC"
"Peru","PER","2016","03","fish_aquatic_products",169753467.84,"https://comtradeapi.un.org/public/v1/preview/C/A/HS","2026-08-02 05:47:38 UTC"
"Peru","PER","2016","06","live_plants",26593162.74,"https://comtradeapi.un.org/public/v1/preview/C/A/HS","2026-08-02 05:47:38 UTC"
"Peru","PER","2016","44","wood_products",219324263.27,"https://comtradeapi.un.org/public/v1/preview/C/A/HS","2026-08-02 05:47:38 UTC"
"Peru","PER","2016","TOTAL","all_imports",36147726687.666,"https://comtradeapi.un.org/public/v1/preview/C/A/HS","2026-08-02 05:47:38 UTC"
"Peru","PER","2017","01","live_animals",18835611.28,"https://comtradeapi.un.org/public/v1/preview/C/A/HS","2026-08-02 05:47:38 UTC"
"Peru","PER","2017","03","fish_aquatic_products",213339773.95,"https://comtradeapi.un.org/public/v1/preview/C/A/HS","2026-08-02 05:47:38 UTC"
"Peru","PER","2017","06","live_plants",42919098,"https://comtradeapi.un.org/public/v1/preview/C/A/HS","2026-08-02 05:47:38 UTC"
"Peru","PER","2017","44","wood_products",232252654.42,"https://comtradeapi.un.org/public/v1/preview/C/A/HS","2026-08-02 05:47:38 UTC"
"Peru","PER","2017","TOTAL","all_imports",39763913902.3,"https://comtradeapi.un.org/public/v1/preview/C/A/HS","2026-08-02 05:47:38 UTC"
"Peru","PER","2018","01","live_animals",18677714.27,"https://comtradeapi.un.org/public/v1/preview/C/A/HS","2026-08-02 05:47:38 UTC"
"Peru","PER","2018","03","fish_aquatic_products",249954659.53,"https://comtradeapi.un.org/public/v1/preview/C/A/HS","2026-08-02 05:47:38 UTC"
"Peru","PER","2018","06","live_plants",43323031.3,"https://comtradeapi.un.org/public/v1/preview/C/A/HS","2026-08-02 05:47:38 UTC"
"Peru","PER","2018","44","wood_products",280053762.72,"https://comtradeapi.un.org/public/v1/preview/C/A/HS","2026-08-02 05:47:38 UTC"
"Peru","PER","2018","TOTAL","all_imports",43142519807.172,"https://comtradeapi.un.org/public/v1/preview/C/A/HS","2026-08-02 05:47:38 UTC"
"Peru","PER","2019","01","live_animals",23761159.16,"https://comtradeapi.un.org/public/v1/preview/C/A/HS","2026-08-02 05:47:38 UTC"
"Peru","PER","2019","03","fish_aquatic_products",165520077.35,"https://comtradeapi.un.org/public/v1/preview/C/A/HS","2026-08-02 05:47:38 UTC"
"Peru","PER","2019","06","live_plants",38968504.91,"https://comtradeapi.un.org/public/v1/preview/C/A/HS","2026-08-02 05:47:38 UTC"
"Peru","PER","2019","44","wood_products",284863013.33,"https://comtradeapi.un.org/public/v1/preview/C/A/HS","2026-08-02 05:47:38 UTC"
"Peru","PER","2019","TOTAL","all_imports",42376434141.489,"https://comtradeapi.un.org/public/v1/preview/C/A/HS","2026-08-02 05:47:38 UTC"
"Peru","PER","2020","01","live_animals",17969270.37,"https://comtradeapi.un.org/public/v1/preview/C/A/HS","2026-08-02 05:47:38 UTC"
"Peru","PER","2020","03","fish_aquatic_products",173965243.25,"https://comtradeapi.un.org/public/v1/preview/C/A/HS","2026-08-02 05:47:38 UTC"
"Peru","PER","2020","06","live_plants",32901434.6,"https://comtradeapi.un.org/public/v1/preview/C/A/HS","2026-08-02 05:47:38 UTC"
"Peru","PER","2020","44","wood_products",294475204.92,"https://comtradeapi.un.org/public/v1/preview/C/A/HS","2026-08-02 05:47:38 UTC"
"Peru","PER","2020","TOTAL","all_imports",36064030332.602,"https://comtradeapi.un.org/public/v1/preview/C/A/HS","2026-08-02 05:47:38 UTC"
"Philippines","PHL","2016","01","live_animals",18885370,"https://comtradeapi.un.org/public/v1/preview/C/A/HS","2026-08-02 05:47:38 UTC"
"Philippines","PHL","2016","03","fish_aquatic_products",393529024,"https://comtradeapi.un.org/public/v1/preview/C/A/HS","2026-08-02 05:47:38 UTC"
"Philippines","PHL","2016","06","live_plants",2499239,"https://comtradeapi.un.org/public/v1/preview/C/A/HS","2026-08-02 05:47:38 UTC"
"Philippines","PHL","2016","44","wood_products",561013512,"https://comtradeapi.un.org/public/v1/preview/C/A/HS","2026-08-02 05:47:38 UTC"
"Philippines","PHL","2016","TOTAL","all_imports",85908572116,"https://comtradeapi.un.org/public/v1/preview/C/A/HS","2026-08-02 05:47:38 UTC"
"Philippines","PHL","2017","01","live_animals",6826181,"https://comtradeapi.un.org/public/v1/preview/C/A/HS","2026-08-02 05:47:38 UTC"
"Philippines","PHL","2017","03","fish_aquatic_products",539769881,"https://comtradeapi.un.org/public/v1/preview/C/A/HS","2026-08-02 05:47:38 UTC"
"Philippines","PHL","2017","06","live_plants",2175130,"https://comtradeapi.un.org/public/v1/preview/C/A/HS","2026-08-02 05:47:38 UTC"
"Philippines","PHL","2017","44","wood_products",686979272,"https://comtradeapi.un.org/public/v1/preview/C/A/HS","2026-08-02 05:47:38 UTC"
"Philippines","PHL","2017","TOTAL","all_imports",101889431966,"https://comtradeapi.un.org/public/v1/preview/C/A/HS","2026-08-02 05:47:38 UTC"
"Philippines","PHL","2018","01","live_animals",11783180.89,"https://comtradeapi.un.org/public/v1/preview/C/A/HS","2026-08-02 05:47:38 UTC"
"Philippines","PHL","2018","03","fish_aquatic_products",558088265.56,"https://comtradeapi.un.org/public/v1/preview/C/A/HS","2026-08-02 05:47:38 UTC"
"Philippines","PHL","2018","06","live_plants",1500039,"https://comtradeapi.un.org/public/v1/preview/C/A/HS","2026-08-02 05:47:38 UTC"
"Philippines","PHL","2018","44","wood_products",774607950.74,"https://comtradeapi.un.org/public/v1/preview/C/A/HS","2026-08-02 05:47:38 UTC"
"Philippines","PHL","2018","TOTAL","all_imports",115038016454.94,"https://comtradeapi.un.org/public/v1/preview/C/A/HS","2026-08-02 05:47:38 UTC"
"Philippines","PHL","2019","01","live_animals",21198744,"https://comtradeapi.un.org/public/v1/preview/C/A/HS","2026-08-02 05:47:38 UTC"
"Philippines","PHL","2019","03","fish_aquatic_products",646696432,"https://comtradeapi.un.org/public/v1/preview/C/A/HS","2026-08-02 05:47:38 UTC"
"Philippines","PHL","2019","06","live_plants",2324867,"https://comtradeapi.un.org/public/v1/preview/C/A/HS","2026-08-02 05:47:38 UTC"
"Philippines","PHL","2019","44","wood_products",766306539,"https://comtradeapi.un.org/public/v1/preview/C/A/HS","2026-08-02 05:47:38 UTC"
"Philippines","PHL","2019","TOTAL","all_imports",117247264757,"https://comtradeapi.un.org/public/v1/preview/C/A/HS","2026-08-02 05:47:38 UTC"
"Philippines","PHL","2020","01","live_animals",24131605,"https://comtradeapi.un.org/public/v1/preview/C/A/HS","2026-08-02 05:47:38 UTC"
"Philippines","PHL","2020","03","fish_aquatic_products",494136780,"https://comtradeapi.un.org/public/v1/preview/C/A/HS","2026-08-02 05:47:38 UTC"
"Philippines","PHL","2020","06","live_plants",1991199,"https://comtradeapi.un.org/public/v1/preview/C/A/HS","2026-08-02 05:47:38 UTC"
"Philippines","PHL","2020","44","wood_products",598835110,"https://comtradeapi.un.org/public/v1/preview/C/A/HS","2026-08-02 05:47:38 UTC"
"Philippines","PHL","2020","TOTAL","all_imports",95066801050,"https://comtradeapi.un.org/public/v1/preview/C/A/HS","2026-08-02 05:47:38 UTC"
"Portugal","PRT","2016","01","live_animals",183363258.875,"https://comtradeapi.un.org/public/v1/preview/C/A/HS","2026-08-02 05:47:38 UTC"
"Portugal","PRT","2016","03","fish_aquatic_products",1916605319.57,"https://comtradeapi.un.org/public/v1/preview/C/A/HS","2026-08-02 05:47:38 UTC"
"Portugal","PRT","2016","06","live_plants",114152246.368,"https://comtradeapi.un.org/public/v1/preview/C/A/HS","2026-08-02 05:47:38 UTC"
"Portugal","PRT","2016","44","wood_products",771227159.049,"https://comtradeapi.un.org/public/v1/preview/C/A/HS","2026-08-02 05:47:38 UTC"
"Portugal","PRT","2016","TOTAL","all_imports",67952834136.564,"https://comtradeapi.un.org/public/v1/preview/C/A/HS","2026-08-02 05:47:38 UTC"
"Portugal","PRT","2017","01","live_animals",213047471.185,"https://comtradeapi.un.org/public/v1/preview/C/A/HS","2026-08-02 05:47:38 UTC"
"Portugal","PRT","2017","03","fish_aquatic_products",2152226129.722,"https://comtradeapi.un.org/public/v1/preview/C/A/HS","2026-08-02 05:47:38 UTC"
"Portugal","PRT","2017","06","live_plants",140003824.711,"https://comtradeapi.un.org/public/v1/preview/C/A/HS","2026-08-02 05:47:38 UTC"
"Portugal","PRT","2017","44","wood_products",834333158.763,"https://comtradeapi.un.org/public/v1/preview/C/A/HS","2026-08-02 05:47:38 UTC"
"Portugal","PRT","2017","TOTAL","all_imports",78746119203.744,"https://comtradeapi.un.org/public/v1/preview/C/A/HS","2026-08-02 05:47:38 UTC"
"Portugal","PRT","2018","01","live_animals",229480146.151,"https://comtradeapi.un.org/public/v1/preview/C/A/HS","2026-08-02 05:47:38 UTC"
"Portugal","PRT","2018","03","fish_aquatic_products",2473051870.848,"https://comtradeapi.un.org/public/v1/preview/C/A/HS","2026-08-02 05:47:38 UTC"
"Portugal","PRT","2018","06","live_plants",153548684.273,"https://comtradeapi.un.org/public/v1/preview/C/A/HS","2026-08-02 05:47:38 UTC"
"Portugal","PRT","2018","44","wood_products",990226048.181,"https://comtradeapi.un.org/public/v1/preview/C/A/HS","2026-08-02 05:47:38 UTC"
"Portugal","PRT","2018","TOTAL","all_imports",95629298715.055,"https://comtradeapi.un.org/public/v1/preview/C/A/HS","2026-08-02 05:47:38 UTC"
"Portugal","PRT","2019","01","live_animals",225799008.038,"https://comtradeapi.un.org/public/v1/preview/C/A/HS","2026-08-02 05:47:38 UTC"
"Portugal","PRT","2019","03","fish_aquatic_products",2165040048.686,"https://comtradeapi.un.org/public/v1/preview/C/A/HS","2026-08-02 05:47:38 UTC"
"Portugal","PRT","2019","06","live_plants",142488144.269,"https://comtradeapi.un.org/public/v1/preview/C/A/HS","2026-08-02 05:47:38 UTC"
"Portugal","PRT","2019","44","wood_products",922657186.647,"https://comtradeapi.un.org/public/v1/preview/C/A/HS","2026-08-02 05:47:38 UTC"
"Portugal","PRT","2019","TOTAL","all_imports",89541379731.222,"https://comtradeapi.un.org/public/v1/preview/C/A/HS","2026-08-02 05:47:38 UTC"
"Portugal","PRT","2020","01","live_animals",221875240.591,"https://comtradeapi.un.org/public/v1/preview/C/A/HS","2026-08-02 05:47:38 UTC"
"Portugal","PRT","2020","03","fish_aquatic_products",1897345416.625,"https://comtradeapi.un.org/public/v1/preview/C/A/HS","2026-08-02 05:47:38 UTC"
"Portugal","PRT","2020","06","live_plants",146636727.265,"https://comtradeapi.un.org/public/v1/preview/C/A/HS","2026-08-02 05:47:38 UTC"
"Portugal","PRT","2020","44","wood_products",835093008.773,"https://comtradeapi.un.org/public/v1/preview/C/A/HS","2026-08-02 05:47:38 UTC"
"Portugal","PRT","2020","TOTAL","all_imports",77834419563.82,"https://comtradeapi.un.org/public/v1/preview/C/A/HS","2026-08-02 05:47:38 UTC"
"Russia","RUS","2016","01","live_animals",169179018.57,"https://comtradeapi.un.org/public/v1/preview/C/A/HS","2026-08-02 05:47:38 UTC"
"Russia","RUS","2016","03","fish_aquatic_products",1397692445.64,"https://comtradeapi.un.org/public/v1/preview/C/A/HS","2026-08-02 05:47:38 UTC"
"Russia","RUS","2016","06","live_plants",798865636.67,"https://comtradeapi.un.org/public/v1/preview/C/A/HS","2026-08-02 05:47:38 UTC"
"Russia","RUS","2016","44","wood_products",633941019.04,"https://comtradeapi.un.org/public/v1/preview/C/A/HS","2026-08-02 05:47:38 UTC"
"Russia","RUS","2016","TOTAL","all_imports",207440504392.6,"https://comtradeapi.un.org/public/v1/preview/C/A/HS","2026-08-02 05:47:38 UTC"
"Russia","RUS","2017","01","live_animals",209503582.86,"https://comtradeapi.un.org/public/v1/preview/C/A/HS","2026-08-02 05:47:38 UTC"
"Russia","RUS","2017","03","fish_aquatic_products",1633214012.51,"https://comtradeapi.un.org/public/v1/preview/C/A/HS","2026-08-02 05:47:38 UTC"
"Russia","RUS","2017","06","live_plants",777022654.87,"https://comtradeapi.un.org/public/v1/preview/C/A/HS","2026-08-02 05:47:38 UTC"
"Russia","RUS","2017","44","wood_products",725120370.12,"https://comtradeapi.un.org/public/v1/preview/C/A/HS","2026-08-02 05:47:38 UTC"
"Russia","RUS","2017","TOTAL","all_imports",259966680280.2,"https://comtradeapi.un.org/public/v1/preview/C/A/HS","2026-08-02 05:47:38 UTC"
"Russia","RUS","2018","01","live_animals",308060045.22,"https://comtradeapi.un.org/public/v1/preview/C/A/HS","2026-08-02 05:47:38 UTC"
"Russia","RUS","2018","03","fish_aquatic_products",1802112392.73,"https://comtradeapi.un.org/public/v1/preview/C/A/HS","2026-08-02 05:47:38 UTC"
"Russia","RUS","2018","06","live_plants",599221990.19,"https://comtradeapi.un.org/public/v1/preview/C/A/HS","2026-08-02 05:47:38 UTC"
"Russia","RUS","2018","44","wood_products",707401298.16,"https://comtradeapi.un.org/public/v1/preview/C/A/HS","2026-08-02 05:47:38 UTC"
"Russia","RUS","2018","TOTAL","all_imports",240225755863.79,"https://comtradeapi.un.org/public/v1/preview/C/A/HS","2026-08-02 05:47:38 UTC"
"Russia","RUS","2019","01","live_animals",301478755.06,"https://comtradeapi.un.org/public/v1/preview/C/A/HS","2026-08-02 05:47:38 UTC"
"Russia","RUS","2019","03","fish_aquatic_products",1805189845.27,"https://comtradeapi.un.org/public/v1/preview/C/A/HS","2026-08-02 05:47:38 UTC"
"Russia","RUS","2019","06","live_plants",563450726.9,"https://comtradeapi.un.org/public/v1/preview/C/A/HS","2026-08-02 05:47:38 UTC"
"Russia","RUS","2019","44","wood_products",622014066.73,"https://comtradeapi.un.org/public/v1/preview/C/A/HS","2026-08-02 05:47:38 UTC"
"Russia","RUS","2019","TOTAL","all_imports",247161342900.21,"https://comtradeapi.un.org/public/v1/preview/C/A/HS","2026-08-02 05:47:38 UTC"
"Russia","RUS","2020","01","live_animals",214626461.706,"https://comtradeapi.un.org/public/v1/preview/C/A/HS","2026-08-02 05:47:38 UTC"
"Russia","RUS","2020","03","fish_aquatic_products",1672793749.963,"https://comtradeapi.un.org/public/v1/preview/C/A/HS","2026-08-02 05:47:38 UTC"
"Russia","RUS","2020","06","live_plants",524836386.479,"https://comtradeapi.un.org/public/v1/preview/C/A/HS","2026-08-02 05:47:38 UTC"
"Russia","RUS","2020","44","wood_products",620979174.781,"https://comtradeapi.un.org/public/v1/preview/C/A/HS","2026-08-02 05:47:38 UTC"
"Russia","RUS","2020","TOTAL","all_imports",231664185422.99,"https://comtradeapi.un.org/public/v1/preview/C/A/HS","2026-08-02 05:47:38 UTC"
"Seychelles","SYC","2016","01","live_animals",259800.873,"https://comtradeapi.un.org/public/v1/preview/C/A/HS","2026-08-02 05:47:38 UTC"
"Seychelles","SYC","2016","03","fish_aquatic_products",123714859.508,"https://comtradeapi.un.org/public/v1/preview/C/A/HS","2026-08-02 05:47:38 UTC"
"Seychelles","SYC","2016","06","live_plants",231527.25,"https://comtradeapi.un.org/public/v1/preview/C/A/HS","2026-08-02 05:47:38 UTC"
"Seychelles","SYC","2016","44","wood_products",18523996.628,"https://comtradeapi.un.org/public/v1/preview/C/A/HS","2026-08-02 05:47:38 UTC"
"Seychelles","SYC","2016","TOTAL","all_imports",1532845668.14,"https://comtradeapi.un.org/public/v1/preview/C/A/HS","2026-08-02 05:47:38 UTC"
"Seychelles","SYC","2017","01","live_animals",286672.464,"https://comtradeapi.un.org/public/v1/preview/C/A/HS","2026-08-02 05:47:38 UTC"
"Seychelles","SYC","2017","03","fish_aquatic_products",164395900.772,"https://comtradeapi.un.org/public/v1/preview/C/A/HS","2026-08-02 05:47:38 UTC"
"Seychelles","SYC","2017","06","live_plants",326743.193,"https://comtradeapi.un.org/public/v1/preview/C/A/HS","2026-08-02 05:47:38 UTC"
"Seychelles","SYC","2017","44","wood_products",15405477.825,"https://comtradeapi.un.org/public/v1/preview/C/A/HS","2026-08-02 05:47:38 UTC"
"Seychelles","SYC","2017","TOTAL","all_imports",3452594830.878,"https://comtradeapi.un.org/public/v1/preview/C/A/HS","2026-08-02 05:47:38 UTC"
"Seychelles","SYC","2018","01","live_animals",287070.426,"https://comtradeapi.un.org/public/v1/preview/C/A/HS","2026-08-02 05:47:38 UTC"
"Seychelles","SYC","2018","03","fish_aquatic_products",163473647.006,"https://comtradeapi.un.org/public/v1/preview/C/A/HS","2026-08-02 05:47:38 UTC"
"Seychelles","SYC","2018","06","live_plants",314206.126,"https://comtradeapi.un.org/public/v1/preview/C/A/HS","2026-08-02 05:47:38 UTC"
"Seychelles","SYC","2018","44","wood_products",16797089.396,"https://comtradeapi.un.org/public/v1/preview/C/A/HS","2026-08-02 05:47:38 UTC"
"Seychelles","SYC","2018","TOTAL","all_imports",1745336917.025,"https://comtradeapi.un.org/public/v1/preview/C/A/HS","2026-08-02 05:47:38 UTC"
"Seychelles","SYC","2019","01","live_animals",319776.885,"https://comtradeapi.un.org/public/v1/preview/C/A/HS","2026-08-02 05:47:38 UTC"
"Seychelles","SYC","2019","03","fish_aquatic_products",107899570.675,"https://comtradeapi.un.org/public/v1/preview/C/A/HS","2026-08-02 05:47:38 UTC"
"Seychelles","SYC","2019","06","live_plants",367398.019,"https://comtradeapi.un.org/public/v1/preview/C/A/HS","2026-08-02 05:47:38 UTC"
"Seychelles","SYC","2019","44","wood_products",18487298.596,"https://comtradeapi.un.org/public/v1/preview/C/A/HS","2026-08-02 05:47:38 UTC"
"Seychelles","SYC","2019","TOTAL","all_imports",1438003981.558,"https://comtradeapi.un.org/public/v1/preview/C/A/HS","2026-08-02 05:47:38 UTC"
"Seychelles","SYC","2020","01","live_animals",326127.435,"https://comtradeapi.un.org/public/v1/preview/C/A/HS","2026-08-02 05:47:38 UTC"
"Seychelles","SYC","2020","03","fish_aquatic_products",134750599.338,"https://comtradeapi.un.org/public/v1/preview/C/A/HS","2026-08-02 05:47:38 UTC"
"Seychelles","SYC","2020","06","live_plants",341294.571,"https://comtradeapi.un.org/public/v1/preview/C/A/HS","2026-08-02 05:47:38 UTC"
"Seychelles","SYC","2020","44","wood_products",13668094.582,"https://comtradeapi.un.org/public/v1/preview/C/A/HS","2026-08-02 05:47:38 UTC"
"Seychelles","SYC","2020","TOTAL","all_imports",2044950086.081,"https://comtradeapi.un.org/public/v1/preview/C/A/HS","2026-08-02 05:47:38 UTC"
"Singapore","SGP","2016","01","live_animals",194233295.955,"https://comtradeapi.un.org/public/v1/preview/C/A/HS","2026-08-02 05:47:38 UTC"
"Singapore","SGP","2016","03","fish_aquatic_products",790529624.221,"https://comtradeapi.un.org/public/v1/preview/C/A/HS","2026-08-02 05:47:38 UTC"
"Singapore","SGP","2016","06","live_plants",85356977.178,"https://comtradeapi.un.org/public/v1/preview/C/A/HS","2026-08-02 05:47:38 UTC"
"Singapore","SGP","2016","44","wood_products",446905200.626,"https://comtradeapi.un.org/public/v1/preview/C/A/HS","2026-08-02 05:47:38 UTC"
"Singapore","SGP","2016","TOTAL","all_imports",291908368784.572,"https://comtradeapi.un.org/public/v1/preview/C/A/HS","2026-08-02 05:47:38 UTC"
"Singapore","SGP","2017","01","live_animals",191393025.559,"https://comtradeapi.un.org/public/v1/preview/C/A/HS","2026-08-02 05:47:38 UTC"
"Singapore","SGP","2017","03","fish_aquatic_products",812178907.643,"https://comtradeapi.un.org/public/v1/preview/C/A/HS","2026-08-02 05:47:38 UTC"
"Singapore","SGP","2017","06","live_plants",87323031.265,"https://comtradeapi.un.org/public/v1/preview/C/A/HS","2026-08-02 05:47:38 UTC"
"Singapore","SGP","2017","44","wood_products",424456678.128,"https://comtradeapi.un.org/public/v1/preview/C/A/HS","2026-08-02 05:47:38 UTC"
"Singapore","SGP","2017","TOTAL","all_imports",327507524337.627,"https://comtradeapi.un.org/public/v1/preview/C/A/HS","2026-08-02 05:47:38 UTC"
"Singapore","SGP","2018","01","live_animals",203685844.418,"https://comtradeapi.un.org/public/v1/preview/C/A/HS","2026-08-02 05:47:38 UTC"
"Singapore","SGP","2018","03","fish_aquatic_products",871002130.519,"https://comtradeapi.un.org/public/v1/preview/C/A/HS","2026-08-02 05:47:38 UTC"
"Singapore","SGP","2018","06","live_plants",68488012.704,"https://comtradeapi.un.org/public/v1/preview/C/A/HS","2026-08-02 05:47:38 UTC"
"Singapore","SGP","2018","44","wood_products",421600846.428,"https://comtradeapi.un.org/public/v1/preview/C/A/HS","2026-08-02 05:47:38 UTC"
"Singapore","SGP","2018","TOTAL","all_imports",370503520526.988,"https://comtradeapi.un.org/public/v1/preview/C/A/HS","2026-08-02 05:47:38 UTC"
"Singapore","SGP","2019","01","live_animals",195721365.806,"https://comtradeapi.un.org/public/v1/preview/C/A/HS","2026-08-02 05:47:38 UTC"
"Singapore","SGP","2019","03","fish_aquatic_products",827844730.782,"https://comtradeapi.un.org/public/v1/preview/C/A/HS","2026-08-02 05:47:38 UTC"
"Singapore","SGP","2019","06","live_plants",47775473.073,"https://comtradeapi.un.org/public/v1/preview/C/A/HS","2026-08-02 05:47:38 UTC"
"Singapore","SGP","2019","44","wood_products",380547018.082,"https://comtradeapi.un.org/public/v1/preview/C/A/HS","2026-08-02 05:47:38 UTC"
"Singapore","SGP","2019","TOTAL","all_imports",358974637219.11,"https://comtradeapi.un.org/public/v1/preview/C/A/HS","2026-08-02 05:47:38 UTC"
"Singapore","SGP","2020","01","live_animals",201224657.001,"https://comtradeapi.un.org/public/v1/preview/C/A/HS","2026-08-02 05:47:38 UTC"
"Singapore","SGP","2020","03","fish_aquatic_products",701138940.772,"https://comtradeapi.un.org/public/v1/preview/C/A/HS","2026-08-02 05:47:38 UTC"
"Singapore","SGP","2020","06","live_plants",69302613.361,"https://comtradeapi.un.org/public/v1/preview/C/A/HS","2026-08-02 05:47:38 UTC"
"Singapore","SGP","2020","44","wood_products",287539181.853,"https://comtradeapi.un.org/public/v1/preview/C/A/HS","2026-08-02 05:47:38 UTC"
"Singapore","SGP","2020","TOTAL","all_imports",328624455636.331,"https://comtradeapi.un.org/public/v1/preview/C/A/HS","2026-08-02 05:47:38 UTC"
"South Africa","ZAF","2016","01","live_animals",102503962.624,"https://comtradeapi.un.org/public/v1/preview/C/A/HS","2026-08-02 05:47:38 UTC"
"South Africa","ZAF","2016","03","fish_aquatic_products",247708581.726,"https://comtradeapi.un.org/public/v1/preview/C/A/HS","2026-08-02 05:47:38 UTC"
"South Africa","ZAF","2016","06","live_plants",12623337.586,"https://comtradeapi.un.org/public/v1/preview/C/A/HS","2026-08-02 05:47:38 UTC"
"South Africa","ZAF","2016","44","wood_products",347404702.896,"https://comtradeapi.un.org/public/v1/preview/C/A/HS","2026-08-02 05:47:38 UTC"
"South Africa","ZAF","2016","TOTAL","all_imports",75149135298.341,"https://comtradeapi.un.org/public/v1/preview/C/A/HS","2026-08-02 05:47:38 UTC"
"South Africa","ZAF","2017","01","live_animals",210840127.838,"https://comtradeapi.un.org/public/v1/preview/C/A/HS","2026-08-02 05:47:38 UTC"
"South Africa","ZAF","2017","03","fish_aquatic_products",282780867.636,"https://comtradeapi.un.org/public/v1/preview/C/A/HS","2026-08-02 05:47:38 UTC"
"South Africa","ZAF","2017","06","live_plants",17785979.245,"https://comtradeapi.un.org/public/v1/preview/C/A/HS","2026-08-02 05:47:38 UTC"
"South Africa","ZAF","2017","44","wood_products",359821847.575,"https://comtradeapi.un.org/public/v1/preview/C/A/HS","2026-08-02 05:47:38 UTC"
"South Africa","ZAF","2017","TOTAL","all_imports",83086880674.466,"https://comtradeapi.un.org/public/v1/preview/C/A/HS","2026-08-02 05:47:38 UTC"
"South Africa","ZAF","2018","01","live_animals",224924381.88,"https://comtradeapi.un.org/public/v1/preview/C/A/HS","2026-08-02 05:47:38 UTC"
"South Africa","ZAF","2018","03","fish_aquatic_products",321418830.313,"https://comtradeapi.un.org/public/v1/preview/C/A/HS","2026-08-02 05:47:38 UTC"
"South Africa","ZAF","2018","06","live_plants",22379276.47,"https://comtradeapi.un.org/public/v1/preview/C/A/HS","2026-08-02 05:47:38 UTC"
"South Africa","ZAF","2018","44","wood_products",379701815.434,"https://comtradeapi.un.org/public/v1/preview/C/A/HS","2026-08-02 05:47:38 UTC"
"South Africa","ZAF","2018","TOTAL","all_imports",92636961890.609,"https://comtradeapi.un.org/public/v1/preview/C/A/HS","2026-08-02 05:47:38 UTC"
"South Africa","ZAF","2019","01","live_animals",170302862.552,"https://comtradeapi.un.org/public/v1/preview/C/A/HS","2026-08-02 05:47:38 UTC"
"South Africa","ZAF","2019","03","fish_aquatic_products",307845559.624,"https://comtradeapi.un.org/public/v1/preview/C/A/HS","2026-08-02 05:47:38 UTC"
"South Africa","ZAF","2019","06","live_plants",23607262.349,"https://comtradeapi.un.org/public/v1/preview/C/A/HS","2026-08-02 05:47:38 UTC"
"South Africa","ZAF","2019","44","wood_products",362290959.518,"https://comtradeapi.un.org/public/v1/preview/C/A/HS","2026-08-02 05:47:38 UTC"
"South Africa","ZAF","2019","TOTAL","all_imports",88037490927.971,"https://comtradeapi.un.org/public/v1/preview/C/A/HS","2026-08-02 05:47:38 UTC"
"South Africa","ZAF","2020","01","live_animals",138285616.522,"https://comtradeapi.un.org/public/v1/preview/C/A/HS","2026-08-02 05:47:38 UTC"
"South Africa","ZAF","2020","03","fish_aquatic_products",216264020.639,"https://comtradeapi.un.org/public/v1/preview/C/A/HS","2026-08-02 05:47:38 UTC"
"South Africa","ZAF","2020","06","live_plants",19721378.065,"https://comtradeapi.un.org/public/v1/preview/C/A/HS","2026-08-02 05:47:38 UTC"
"South Africa","ZAF","2020","44","wood_products",293767753.388,"https://comtradeapi.un.org/public/v1/preview/C/A/HS","2026-08-02 05:47:38 UTC"
"South Africa","ZAF","2020","TOTAL","all_imports",68943156587.84,"https://comtradeapi.un.org/public/v1/preview/C/A/HS","2026-08-02 05:47:38 UTC"
"Spain","ESP","2016","01","live_animals",450745376.52,"https://comtradeapi.un.org/public/v1/preview/C/A/HS","2026-08-02 05:47:38 UTC"
"Spain","ESP","2016","03","fish_aquatic_products",6254304545.949,"https://comtradeapi.un.org/public/v1/preview/C/A/HS","2026-08-02 05:47:38 UTC"
"Spain","ESP","2016","06","live_plants",233428299.94,"https://comtradeapi.un.org/public/v1/preview/C/A/HS","2026-08-02 05:47:38 UTC"
"Spain","ESP","2016","44","wood_products",1361585552.214,"https://comtradeapi.un.org/public/v1/preview/C/A/HS","2026-08-02 05:47:38 UTC"
"Spain","ESP","2016","TOTAL","all_imports",302931264697.779,"https://comtradeapi.un.org/public/v1/preview/C/A/HS","2026-08-02 05:47:38 UTC"
"Spain","ESP","2017","01","live_animals",542350544.115,"https://comtradeapi.un.org/public/v1/preview/C/A/HS","2026-08-02 05:47:38 UTC"
"Spain","ESP","2017","03","fish_aquatic_products",6862198085.107,"https://comtradeapi.un.org/public/v1/preview/C/A/HS","2026-08-02 05:47:38 UTC"
"Spain","ESP","2017","06","live_plants",246417866.38,"https://comtradeapi.un.org/public/v1/preview/C/A/HS","2026-08-02 05:47:38 UTC"
"Spain","ESP","2017","44","wood_products",1473756810.279,"https://comtradeapi.un.org/public/v1/preview/C/A/HS","2026-08-02 05:47:38 UTC"
"Spain","ESP","2017","TOTAL","all_imports",341650733518.127,"https://comtradeapi.un.org/public/v1/preview/C/A/HS","2026-08-02 05:47:38 UTC"
"Spain","ESP","2018","01","live_animals",623734845.857,"https://comtradeapi.un.org/public/v1/preview/C/A/HS","2026-08-02 05:47:38 UTC"
"Spain","ESP","2018","03","fish_aquatic_products",7306337196.74,"https://comtradeapi.un.org/public/v1/preview/C/A/HS","2026-08-02 05:47:38 UTC"
"Spain","ESP","2018","06","live_plants",273013072.463,"https://comtradeapi.un.org/public/v1/preview/C/A/HS","2026-08-02 05:47:38 UTC"
"Spain","ESP","2018","44","wood_products",1652068224.93,"https://comtradeapi.un.org/public/v1/preview/C/A/HS","2026-08-02 05:47:38 UTC"
"Spain","ESP","2018","TOTAL","all_imports",391056705310.092,"https://comtradeapi.un.org/public/v1/preview/C/A/HS","2026-08-02 05:47:38 UTC"
"Spain","ESP","2019","01","live_animals",593358159.805,"https://comtradeapi.un.org/public/v1/preview/C/A/HS","2026-08-02 05:47:38 UTC"
"Spain","ESP","2019","03","fish_aquatic_products",6722425913.444,"https://comtradeapi.un.org/public/v1/preview/C/A/HS","2026-08-02 05:47:38 UTC"
"Spain","ESP","2019","06","live_plants",278872137.247,"https://comtradeapi.un.org/public/v1/preview/C/A/HS","2026-08-02 05:47:38 UTC"
"Spain","ESP","2019","44","wood_products",1616781702.765,"https://comtradeapi.un.org/public/v1/preview/C/A/HS","2026-08-02 05:47:38 UTC"
"Spain","ESP","2019","TOTAL","all_imports",375470067282.007,"https://comtradeapi.un.org/public/v1/preview/C/A/HS","2026-08-02 05:47:38 UTC"
"Spain","ESP","2020","01","live_animals",639591105.683,"https://comtradeapi.un.org/public/v1/preview/C/A/HS","2026-08-02 05:47:38 UTC"
"Spain","ESP","2020","03","fish_aquatic_products",6080059134.384,"https://comtradeapi.un.org/public/v1/preview/C/A/HS","2026-08-02 05:47:38 UTC"
"Spain","ESP","2020","06","live_plants",255746597.161,"https://comtradeapi.un.org/public/v1/preview/C/A/HS","2026-08-02 05:47:38 UTC"
"Spain","ESP","2020","44","wood_products",1439903022.531,"https://comtradeapi.un.org/public/v1/preview/C/A/HS","2026-08-02 05:47:38 UTC"
"Spain","ESP","2020","TOTAL","all_imports",329738801365.615,"https://comtradeapi.un.org/public/v1/preview/C/A/HS","2026-08-02 05:47:38 UTC"
"Sweden","SWE","2016","01","live_animals",24462090.645,"https://comtradeapi.un.org/public/v1/preview/C/A/HS","2026-08-02 05:47:38 UTC"
"Sweden","SWE","2016","03","fish_aquatic_products",4828826548.5,"https://comtradeapi.un.org/public/v1/preview/C/A/HS","2026-08-02 05:47:38 UTC"
"Sweden","SWE","2016","06","live_plants",279209424.998,"https://comtradeapi.un.org/public/v1/preview/C/A/HS","2026-08-02 05:47:38 UTC"
"Sweden","SWE","2016","44","wood_products",1711163256.84,"https://comtradeapi.un.org/public/v1/preview/C/A/HS","2026-08-02 05:47:38 UTC"
"Sweden","SWE","2016","TOTAL","all_imports",140695015251.435,"https://comtradeapi.un.org/public/v1/preview/C/A/HS","2026-08-02 05:47:38 UTC"
"Sweden","SWE","2017","01","live_animals",23710530.847,"https://comtradeapi.un.org/public/v1/preview/C/A/HS","2026-08-02 05:47:38 UTC"
"Sweden","SWE","2017","03","fish_aquatic_products",4570749545.675,"https://comtradeapi.un.org/public/v1/preview/C/A/HS","2026-08-02 05:47:38 UTC"
"Sweden","SWE","2017","06","live_plants",290139567.275,"https://comtradeapi.un.org/public/v1/preview/C/A/HS","2026-08-02 05:47:38 UTC"
"Sweden","SWE","2017","44","wood_products",1863031557.393,"https://comtradeapi.un.org/public/v1/preview/C/A/HS","2026-08-02 05:47:38 UTC"
"Sweden","SWE","2017","TOTAL","all_imports",153934736436.529,"https://comtradeapi.un.org/public/v1/preview/C/A/HS","2026-08-02 05:47:38 UTC"
"Sweden","SWE","2018","01","live_animals",24299767.076,"https://comtradeapi.un.org/public/v1/preview/C/A/HS","2026-08-02 05:47:38 UTC"
"Sweden","SWE","2018","03","fish_aquatic_products",5204350842.072,"https://comtradeapi.un.org/public/v1/preview/C/A/HS","2026-08-02 05:47:38 UTC"
"Sweden","SWE","2018","06","live_plants",300555800.434,"https://comtradeapi.un.org/public/v1/preview/C/A/HS","2026-08-02 05:47:38 UTC"
"Sweden","SWE","2018","44","wood_products",2363303689.017,"https://comtradeapi.un.org/public/v1/preview/C/A/HS","2026-08-02 05:47:38 UTC"
"Sweden","SWE","2018","TOTAL","all_imports",170252578955.795,"https://comtradeapi.un.org/public/v1/preview/C/A/HS","2026-08-02 05:47:38 UTC"
"Sweden","SWE","2019","01","live_animals",37101507.837,"https://comtradeapi.un.org/public/v1/preview/C/A/HS","2026-08-02 05:47:38 UTC"
"Sweden","SWE","2019","03","fish_aquatic_products",4873340395.305,"https://comtradeapi.un.org/public/v1/preview/C/A/HS","2026-08-02 05:47:38 UTC"
"Sweden","SWE","2019","06","live_plants",303127858.576,"https://comtradeapi.un.org/public/v1/preview/C/A/HS","2026-08-02 05:47:38 UTC"
"Sweden","SWE","2019","44","wood_products",2161082822.842,"https://comtradeapi.un.org/public/v1/preview/C/A/HS","2026-08-02 05:47:38 UTC"
"Sweden","SWE","2019","TOTAL","all_imports",158958177893.649,"https://comtradeapi.un.org/public/v1/preview/C/A/HS","2026-08-02 05:47:38 UTC"
"Sweden","SWE","2020","01","live_animals",27165323.374,"https://comtradeapi.un.org/public/v1/preview/C/A/HS","2026-08-02 05:47:38 UTC"
"Sweden","SWE","2020","03","fish_aquatic_products",4666551452.398,"https://comtradeapi.un.org/public/v1/preview/C/A/HS","2026-08-02 05:47:38 UTC"
"Sweden","SWE","2020","06","live_plants",317510222.658,"https://comtradeapi.un.org/public/v1/preview/C/A/HS","2026-08-02 05:47:38 UTC"
"Sweden","SWE","2020","44","wood_products",1980591924.788,"https://comtradeapi.un.org/public/v1/preview/C/A/HS","2026-08-02 05:47:38 UTC"
"Sweden","SWE","2020","TOTAL","all_imports",149436257458.816,"https://comtradeapi.un.org/public/v1/preview/C/A/HS","2026-08-02 05:47:38 UTC"
"Thailand","THA","2016","01","live_animals",89383205.82,"https://comtradeapi.un.org/public/v1/preview/C/A/HS","2026-08-02 05:47:38 UTC"
"Thailand","THA","2016","03","fish_aquatic_products",2761310906.47,"https://comtradeapi.un.org/public/v1/preview/C/A/HS","2026-08-02 05:47:38 UTC"
"Thailand","THA","2016","06","live_plants",30404958.53,"https://comtradeapi.un.org/public/v1/preview/C/A/HS","2026-08-02 05:47:38 UTC"
"Thailand","THA","2016","44","wood_products",519118482.39,"https://comtradeapi.un.org/public/v1/preview/C/A/HS","2026-08-02 05:47:38 UTC"
"Thailand","THA","2016","TOTAL","all_imports",194190234082.14,"https://comtradeapi.un.org/public/v1/preview/C/A/HS","2026-08-02 05:47:38 UTC"
"Thailand","THA","2017","01","live_animals",100173715.05,"https://comtradeapi.un.org/public/v1/preview/C/A/HS","2026-08-02 05:47:38 UTC"
"Thailand","THA","2017","03","fish_aquatic_products",3230224586.24,"https://comtradeapi.un.org/public/v1/preview/C/A/HS","2026-08-02 05:47:38 UTC"
"Thailand","THA","2017","06","live_plants",31966691.98,"https://comtradeapi.un.org/public/v1/preview/C/A/HS","2026-08-02 05:47:38 UTC"
"Thailand","THA","2017","44","wood_products",526129786.45,"https://comtradeapi.un.org/public/v1/preview/C/A/HS","2026-08-02 05:47:38 UTC"
"Thailand","THA","2017","TOTAL","all_imports",221514052365.61,"https://comtradeapi.un.org/public/v1/preview/C/A/HS","2026-08-02 05:47:38 UTC"
"Thailand","THA","2018","01","live_animals",109237358.12,"https://comtradeapi.un.org/public/v1/preview/C/A/HS","2026-08-02 05:47:38 UTC"
"Thailand","THA","2018","03","fish_aquatic_products",3530328501.98,"https://comtradeapi.un.org/public/v1/preview/C/A/HS","2026-08-02 05:47:38 UTC"
"Thailand","THA","2018","06","live_plants",39196458.4,"https://comtradeapi.un.org/public/v1/preview/C/A/HS","2026-08-02 05:47:38 UTC"
"Thailand","THA","2018","44","wood_products",587543498.61,"https://comtradeapi.un.org/public/v1/preview/C/A/HS","2026-08-02 05:47:38 UTC"
"Thailand","THA","2018","TOTAL","all_imports",249173519017.74,"https://comtradeapi.un.org/public/v1/preview/C/A/HS","2026-08-02 05:47:38 UTC"
"Thailand","THA","2019","01","live_animals",90935511.357,"https://comtradeapi.un.org/public/v1/preview/C/A/HS","2026-08-02 05:47:38 UTC"
"Thailand","THA","2019","03","fish_aquatic_products",3469767154.414,"https://comtradeapi.un.org/public/v1/preview/C/A/HS","2026-08-02 05:47:38 UTC"
"Thailand","THA","2019","06","live_plants",44782085.57,"https://comtradeapi.un.org/public/v1/preview/C/A/HS","2026-08-02 05:47:38 UTC"
"Thailand","THA","2019","44","wood_products",551836278.201,"https://comtradeapi.un.org/public/v1/preview/C/A/HS","2026-08-02 05:47:38 UTC"
"Thailand","THA","2019","TOTAL","all_imports",236206439760.276,"https://comtradeapi.un.org/public/v1/preview/C/A/HS","2026-08-02 05:47:38 UTC"
"Thailand","THA","2020","01","live_animals",78518617.861,"https://comtradeapi.un.org/public/v1/preview/C/A/HS","2026-08-02 05:47:38 UTC"
"Thailand","THA","2020","03","fish_aquatic_products",3361985571.899,"https://comtradeapi.un.org/public/v1/preview/C/A/HS","2026-08-02 05:47:38 UTC"
"Thailand","THA","2020","06","live_plants",52940723.872,"https://comtradeapi.un.org/public/v1/preview/C/A/HS","2026-08-02 05:47:38 UTC"
"Thailand","THA","2020","44","wood_products",499529602.74,"https://comtradeapi.un.org/public/v1/preview/C/A/HS","2026-08-02 05:47:38 UTC"
"Thailand","THA","2020","TOTAL","all_imports",206150261652.548,"https://comtradeapi.un.org/public/v1/preview/C/A/HS","2026-08-02 05:47:38 UTC"
"Uganda","UGA","2016","01","live_animals",3350443,"https://comtradeapi.un.org/public/v1/preview/C/A/HS","2026-08-02 05:47:38 UTC"
"Uganda","UGA","2016","03","fish_aquatic_products",1519699,"https://comtradeapi.un.org/public/v1/preview/C/A/HS","2026-08-02 05:47:38 UTC"
"Uganda","UGA","2016","06","live_plants",679865,"https://comtradeapi.un.org/public/v1/preview/C/A/HS","2026-08-02 05:47:38 UTC"
"Uganda","UGA","2016","44","wood_products",5528912,"https://comtradeapi.un.org/public/v1/preview/C/A/HS","2026-08-02 05:47:38 UTC"
"Uganda","UGA","2016","TOTAL","all_imports",4829459128,"https://comtradeapi.un.org/public/v1/preview/C/A/HS","2026-08-02 05:47:38 UTC"
"Uganda","UGA","2017","01","live_animals",3901969.57,"https://comtradeapi.un.org/public/v1/preview/C/A/HS","2026-08-02 05:47:38 UTC"
"Uganda","UGA","2017","03","fish_aquatic_products",4651591.65,"https://comtradeapi.un.org/public/v1/preview/C/A/HS","2026-08-02 05:47:38 UTC"
"Uganda","UGA","2017","06","live_plants",1134942.17,"https://comtradeapi.un.org/public/v1/preview/C/A/HS","2026-08-02 05:47:38 UTC"
"Uganda","UGA","2017","44","wood_products",4480215.94,"https://comtradeapi.un.org/public/v1/preview/C/A/HS","2026-08-02 05:47:38 UTC"
"Uganda","UGA","2017","TOTAL","all_imports",5595903639.36,"https://comtradeapi.un.org/public/v1/preview/C/A/HS","2026-08-02 05:47:38 UTC"
"Uganda","UGA","2018","01","live_animals",6859412.09,"https://comtradeapi.un.org/public/v1/preview/C/A/HS","2026-08-02 05:47:38 UTC"
"Uganda","UGA","2018","03","fish_aquatic_products",9956136.88,"https://comtradeapi.un.org/public/v1/preview/C/A/HS","2026-08-02 05:47:38 UTC"
"Uganda","UGA","2018","06","live_plants",1365164.07,"https://comtradeapi.un.org/public/v1/preview/C/A/HS","2026-08-02 05:47:38 UTC"
"Uganda","UGA","2018","44","wood_products",4753462.61,"https://comtradeapi.un.org/public/v1/preview/C/A/HS","2026-08-02 05:47:38 UTC"
"Uganda","UGA","2018","TOTAL","all_imports",6729436499.55,"https://comtradeapi.un.org/public/v1/preview/C/A/HS","2026-08-02 05:47:38 UTC"
"Uganda","UGA","2019","01","live_animals",5945916.59,"https://comtradeapi.un.org/public/v1/preview/C/A/HS","2026-08-02 05:47:38 UTC"
"Uganda","UGA","2019","03","fish_aquatic_products",13173258.88,"https://comtradeapi.un.org/public/v1/preview/C/A/HS","2026-08-02 05:47:38 UTC"
"Uganda","UGA","2019","06","live_plants",1368343.89,"https://comtradeapi.un.org/public/v1/preview/C/A/HS","2026-08-02 05:47:38 UTC"
"Uganda","UGA","2019","44","wood_products",4869153.94,"https://comtradeapi.un.org/public/v1/preview/C/A/HS","2026-08-02 05:47:38 UTC"
"Uganda","UGA","2019","TOTAL","all_imports",7696028888.77,"https://comtradeapi.un.org/public/v1/preview/C/A/HS","2026-08-02 05:47:38 UTC"
"Uganda","UGA","2020","01","live_animals",7254358,"https://comtradeapi.un.org/public/v1/preview/C/A/HS","2026-08-02 05:47:38 UTC"
"Uganda","UGA","2020","03","fish_aquatic_products",12194992,"https://comtradeapi.un.org/public/v1/preview/C/A/HS","2026-08-02 05:47:38 UTC"
"Uganda","UGA","2020","06","live_plants",1194247,"https://comtradeapi.un.org/public/v1/preview/C/A/HS","2026-08-02 05:47:38 UTC"
"Uganda","UGA","2020","44","wood_products",4574090,"https://comtradeapi.un.org/public/v1/preview/C/A/HS","2026-08-02 05:47:38 UTC"
"Uganda","UGA","2020","TOTAL","all_imports",8250512382,"https://comtradeapi.un.org/public/v1/preview/C/A/HS","2026-08-02 05:47:38 UTC"
"Ukraine","UKR","2016","01","live_animals",57980988.56,"https://comtradeapi.un.org/public/v1/preview/C/A/HS","2026-08-02 05:47:38 UTC"
"Ukraine","UKR","2016","03","fish_aquatic_products",409947897.03,"https://comtradeapi.un.org/public/v1/preview/C/A/HS","2026-08-02 05:47:38 UTC"
"Ukraine","UKR","2016","06","live_plants",22437723.68,"https://comtradeapi.un.org/public/v1/preview/C/A/HS","2026-08-02 05:47:38 UTC"
"Ukraine","UKR","2016","44","wood_products",187447953.27,"https://comtradeapi.un.org/public/v1/preview/C/A/HS","2026-08-02 05:47:38 UTC"
"Ukraine","UKR","2016","TOTAL","all_imports",39249626345.39,"https://comtradeapi.un.org/public/v1/preview/C/A/HS","2026-08-02 05:47:38 UTC"
"Ukraine","UKR","2017","01","live_animals",57432533.2,"https://comtradeapi.un.org/public/v1/preview/C/A/HS","2026-08-02 05:47:38 UTC"
"Ukraine","UKR","2017","03","fish_aquatic_products",454679317.61,"https://comtradeapi.un.org/public/v1/preview/C/A/HS","2026-08-02 05:47:38 UTC"
"Ukraine","UKR","2017","06","live_plants",27126016.09,"https://comtradeapi.un.org/public/v1/preview/C/A/HS","2026-08-02 05:47:38 UTC"
"Ukraine","UKR","2017","44","wood_products",241579058.35,"https://comtradeapi.un.org/public/v1/preview/C/A/HS","2026-08-02 05:47:38 UTC"
"Ukraine","UKR","2017","TOTAL","all_imports",49439155766.36,"https://comtradeapi.un.org/public/v1/preview/C/A/HS","2026-08-02 05:47:38 UTC"
"Ukraine","UKR","2018","01","live_animals",71823567.35,"https://comtradeapi.un.org/public/v1/preview/C/A/HS","2026-08-02 05:47:38 UTC"
"Ukraine","UKR","2018","03","fish_aquatic_products",549475656.57,"https://comtradeapi.un.org/public/v1/preview/C/A/HS","2026-08-02 05:47:38 UTC"
"Ukraine","UKR","2018","06","live_plants",33976977.74,"https://comtradeapi.un.org/public/v1/preview/C/A/HS","2026-08-02 05:47:38 UTC"
"Ukraine","UKR","2018","44","wood_products",294486888.28,"https://comtradeapi.un.org/public/v1/preview/C/A/HS","2026-08-02 05:47:38 UTC"
"Ukraine","UKR","2018","TOTAL","all_imports",57187093429.57,"https://comtradeapi.un.org/public/v1/preview/C/A/HS","2026-08-02 05:47:38 UTC"
"Ukraine","UKR","2019","01","live_animals",76639918.76,"https://comtradeapi.un.org/public/v1/preview/C/A/HS","2026-08-02 05:47:38 UTC"
"Ukraine","UKR","2019","03","fish_aquatic_products",644617715.34,"https://comtradeapi.un.org/public/v1/preview/C/A/HS","2026-08-02 05:47:38 UTC"
"Ukraine","UKR","2019","06","live_plants",40905877.35,"https://comtradeapi.un.org/public/v1/preview/C/A/HS","2026-08-02 05:47:38 UTC"
"Ukraine","UKR","2019","44","wood_products",297815647.3,"https://comtradeapi.un.org/public/v1/preview/C/A/HS","2026-08-02 05:47:38 UTC"
"Ukraine","UKR","2019","TOTAL","all_imports",60799689210.96,"https://comtradeapi.un.org/public/v1/preview/C/A/HS","2026-08-02 05:47:38 UTC"
"Ukraine","UKR","2020","01","live_animals",80913983.65,"https://comtradeapi.un.org/public/v1/preview/C/A/HS","2026-08-02 05:47:38 UTC"
"Ukraine","UKR","2020","03","fish_aquatic_products",679945369.4,"https://comtradeapi.un.org/public/v1/preview/C/A/HS","2026-08-02 05:47:38 UTC"
"Ukraine","UKR","2020","06","live_plants",48773121.75,"https://comtradeapi.un.org/public/v1/preview/C/A/HS","2026-08-02 05:47:38 UTC"
"Ukraine","UKR","2020","44","wood_products",304658423.23,"https://comtradeapi.un.org/public/v1/preview/C/A/HS","2026-08-02 05:47:38 UTC"
"Ukraine","UKR","2020","TOTAL","all_imports",53674668694.62,"https://comtradeapi.un.org/public/v1/preview/C/A/HS","2026-08-02 05:47:38 UTC"
"United Kingdom","GBR","2016","01","live_animals",608443861,"https://comtradeapi.un.org/public/v1/preview/C/A/HS","2026-08-02 05:47:38 UTC"
"United Kingdom","GBR","2016","03","fish_aquatic_products",2747605532,"https://comtradeapi.un.org/public/v1/preview/C/A/HS","2026-08-02 05:47:38 UTC"
"United Kingdom","GBR","2016","06","live_plants",1591902272,"https://comtradeapi.un.org/public/v1/preview/C/A/HS","2026-08-02 05:47:38 UTC"
"United Kingdom","GBR","2016","44","wood_products",6619549179,"https://comtradeapi.un.org/public/v1/preview/C/A/HS","2026-08-02 05:47:38 UTC"
"United Kingdom","GBR","2016","TOTAL","all_imports",636367936193,"https://comtradeapi.un.org/public/v1/preview/C/A/HS","2026-08-02 05:47:38 UTC"
"United Kingdom","GBR","2017","01","live_animals",692588632.649,"https://comtradeapi.un.org/public/v1/preview/C/A/HS","2026-08-02 05:47:38 UTC"
"United Kingdom","GBR","2017","03","fish_aquatic_products",2720729874.55,"https://comtradeapi.un.org/public/v1/preview/C/A/HS","2026-08-02 05:47:38 UTC"
"United Kingdom","GBR","2017","06","live_plants",1544204210.983,"https://comtradeapi.un.org/public/v1/preview/C/A/HS","2026-08-02 05:47:38 UTC"
"United Kingdom","GBR","2017","44","wood_products",6940899739.48,"https://comtradeapi.un.org/public/v1/preview/C/A/HS","2026-08-02 05:47:38 UTC"
"United Kingdom","GBR","2017","TOTAL","all_imports",640907688603.23,"https://comtradeapi.un.org/public/v1/preview/C/A/HS","2026-08-02 05:47:38 UTC"
"United Kingdom","GBR","2018","01","live_animals",722492947.804,"https://comtradeapi.un.org/public/v1/preview/C/A/HS","2026-08-02 05:47:38 UTC"
"United Kingdom","GBR","2018","03","fish_aquatic_products",2768573782.988,"https://comtradeapi.un.org/public/v1/preview/C/A/HS","2026-08-02 05:47:38 UTC"
"United Kingdom","GBR","2018","06","live_plants",1722929359.293,"https://comtradeapi.un.org/public/v1/preview/C/A/HS","2026-08-02 05:47:38 UTC"
"United Kingdom","GBR","2018","44","wood_products",7654427401.959,"https://comtradeapi.un.org/public/v1/preview/C/A/HS","2026-08-02 05:47:38 UTC"
"United Kingdom","GBR","2018","TOTAL","all_imports",671694257766.444,"https://comtradeapi.un.org/public/v1/preview/C/A/HS","2026-08-02 05:47:38 UTC"
"United Kingdom","GBR","2019","01","live_animals",678872017.895,"https://comtradeapi.un.org/public/v1/preview/C/A/HS","2026-08-02 05:47:38 UTC"
"United Kingdom","GBR","2019","03","fish_aquatic_products",3005606260.361,"https://comtradeapi.un.org/public/v1/preview/C/A/HS","2026-08-02 05:47:38 UTC"
"United Kingdom","GBR","2019","06","live_plants",1496696074.77,"https://comtradeapi.un.org/public/v1/preview/C/A/HS","2026-08-02 05:47:38 UTC"
"United Kingdom","GBR","2019","44","wood_products",7400064086.038,"https://comtradeapi.un.org/public/v1/preview/C/A/HS","2026-08-02 05:47:38 UTC"
"United Kingdom","GBR","2019","TOTAL","all_imports",692494170352.687,"https://comtradeapi.un.org/public/v1/preview/C/A/HS","2026-08-02 05:47:38 UTC"
"United Kingdom","GBR","2020","01","live_animals",668959986.04,"https://comtradeapi.un.org/public/v1/preview/C/A/HS","2026-08-02 05:47:38 UTC"
"United Kingdom","GBR","2020","03","fish_aquatic_products",2717162880.498,"https://comtradeapi.un.org/public/v1/preview/C/A/HS","2026-08-02 05:47:38 UTC"
"United Kingdom","GBR","2020","06","live_plants",1579935297.92,"https://comtradeapi.un.org/public/v1/preview/C/A/HS","2026-08-02 05:47:38 UTC"
"United Kingdom","GBR","2020","44","wood_products",7171037414.358,"https://comtradeapi.un.org/public/v1/preview/C/A/HS","2026-08-02 05:47:38 UTC"
"United Kingdom","GBR","2020","TOTAL","all_imports",634174870301.665,"https://comtradeapi.un.org/public/v1/preview/C/A/HS","2026-08-02 05:47:38 UTC"
"Uruguay","URY","2016","01","live_animals",4997876,"https://comtradeapi.un.org/public/v1/preview/C/A/HS","2026-08-02 05:47:38 UTC"
"Uruguay","URY","2016","03","fish_aquatic_products",22764122,"https://comtradeapi.un.org/public/v1/preview/C/A/HS","2026-08-02 05:47:38 UTC"
"Uruguay","URY","2016","06","live_plants",4006253,"https://comtradeapi.un.org/public/v1/preview/C/A/HS","2026-08-02 05:47:38 UTC"
"Uruguay","URY","2016","44","wood_products",42179756,"https://comtradeapi.un.org/public/v1/preview/C/A/HS","2026-08-02 05:47:38 UTC"
"Uruguay","URY","2016","TOTAL","all_imports",8136629138,"https://comtradeapi.un.org/public/v1/preview/C/A/HS","2026-08-02 05:47:38 UTC"
"Uruguay","URY","2017","01","live_animals",4530317.68,"https://comtradeapi.un.org/public/v1/preview/C/A/HS","2026-08-02 05:47:38 UTC"
"Uruguay","URY","2017","03","fish_aquatic_products",26389391.46,"https://comtradeapi.un.org/public/v1/preview/C/A/HS","2026-08-02 05:47:38 UTC"
"Uruguay","URY","2017","06","live_plants",3885382.58,"https://comtradeapi.un.org/public/v1/preview/C/A/HS","2026-08-02 05:47:38 UTC"
"Uruguay","URY","2017","44","wood_products",45080856.42,"https://comtradeapi.un.org/public/v1/preview/C/A/HS","2026-08-02 05:47:38 UTC"
"Uruguay","URY","2017","TOTAL","all_imports",8457876667.98,"https://comtradeapi.un.org/public/v1/preview/C/A/HS","2026-08-02 05:47:38 UTC"
"Uruguay","URY","2018","01","live_animals",5585939.97,"https://comtradeapi.un.org/public/v1/preview/C/A/HS","2026-08-02 05:47:38 UTC"
"Uruguay","URY","2018","03","fish_aquatic_products",27828543.94,"https://comtradeapi.un.org/public/v1/preview/C/A/HS","2026-08-02 05:47:38 UTC"
"Uruguay","URY","2018","06","live_plants",4377996.26,"https://comtradeapi.un.org/public/v1/preview/C/A/HS","2026-08-02 05:47:38 UTC"
"Uruguay","URY","2018","44","wood_products",54775481.89,"https://comtradeapi.un.org/public/v1/preview/C/A/HS","2026-08-02 05:47:38 UTC"
"Uruguay","URY","2018","TOTAL","all_imports",8893245997.86,"https://comtradeapi.un.org/public/v1/preview/C/A/HS","2026-08-02 05:47:38 UTC"
"Uruguay","URY","2019","01","live_animals",4438486.75,"https://comtradeapi.un.org/public/v1/preview/C/A/HS","2026-08-02 05:47:38 UTC"
"Uruguay","URY","2019","03","fish_aquatic_products",23305683.62,"https://comtradeapi.un.org/public/v1/preview/C/A/HS","2026-08-02 05:47:38 UTC"
"Uruguay","URY","2019","06","live_plants",4443510.88,"https://comtradeapi.un.org/public/v1/preview/C/A/HS","2026-08-02 05:47:38 UTC"
"Uruguay","URY","2019","44","wood_products",46349012.81,"https://comtradeapi.un.org/public/v1/preview/C/A/HS","2026-08-02 05:47:38 UTC"
"Uruguay","URY","2019","TOTAL","all_imports",8245758796.97,"https://comtradeapi.un.org/public/v1/preview/C/A/HS","2026-08-02 05:47:38 UTC"
"Uruguay","URY","2020","01","live_animals",4853119.32,"https://comtradeapi.un.org/public/v1/preview/C/A/HS","2026-08-02 05:47:38 UTC"
"Uruguay","URY","2020","03","fish_aquatic_products",17236363.66,"https://comtradeapi.un.org/public/v1/preview/C/A/HS","2026-08-02 05:47:38 UTC"
"Uruguay","URY","2020","06","live_plants",4565047.01,"https://comtradeapi.un.org/public/v1/preview/C/A/HS","2026-08-02 05:47:38 UTC"
"Uruguay","URY","2020","44","wood_products",45990218.47,"https://comtradeapi.un.org/public/v1/preview/C/A/HS","2026-08-02 05:47:38 UTC"
"Uruguay","URY","2020","TOTAL","all_imports",7564488840.82,"https://comtradeapi.un.org/public/v1/preview/C/A/HS","2026-08-02 05:47:38 UTC"
"Vietnam","VNM","2016","01","live_animals",385902476.4,"https://comtradeapi.un.org/public/v1/preview/C/A/HS","2026-08-02 05:47:38 UTC"
"Vietnam","VNM","2016","03","fish_aquatic_products",1088047406.54,"https://comtradeapi.un.org/public/v1/preview/C/A/HS","2026-08-02 05:47:38 UTC"
"Vietnam","VNM","2016","06","live_plants",83721844.14,"https://comtradeapi.un.org/public/v1/preview/C/A/HS","2026-08-02 05:47:38 UTC"
"Vietnam","VNM","2016","44","wood_products",1788047204.85,"https://comtradeapi.un.org/public/v1/preview/C/A/HS","2026-08-02 05:47:38 UTC"
"Vietnam","VNM","2016","TOTAL","all_imports",174978350264.05,"https://comtradeapi.un.org/public/v1/preview/C/A/HS","2026-08-02 05:47:38 UTC"
"Vietnam","VNM","2017","01","live_animals",343053655.1,"https://comtradeapi.un.org/public/v1/preview/C/A/HS","2026-08-02 05:47:38 UTC"
"Vietnam","VNM","2017","03","fish_aquatic_products",1386235620.4,"https://comtradeapi.un.org/public/v1/preview/C/A/HS","2026-08-02 05:47:38 UTC"
"Vietnam","VNM","2017","06","live_plants",103158525.1,"https://comtradeapi.un.org/public/v1/preview/C/A/HS","2026-08-02 05:47:38 UTC"
"Vietnam","VNM","2017","44","wood_products",2093062909.5,"https://comtradeapi.un.org/public/v1/preview/C/A/HS","2026-08-02 05:47:38 UTC"
"Vietnam","VNM","2017","TOTAL","all_imports",213215299139.3,"https://comtradeapi.un.org/public/v1/preview/C/A/HS","2026-08-02 05:47:38 UTC"
"Vietnam","VNM","2018","01","live_animals",373424461.01,"https://comtradeapi.un.org/public/v1/preview/C/A/HS","2026-08-02 05:47:38 UTC"
"Vietnam","VNM","2018","03","fish_aquatic_products",1522080124.83,"https://comtradeapi.un.org/public/v1/preview/C/A/HS","2026-08-02 05:47:38 UTC"
"Vietnam","VNM","2018","06","live_plants",111142738.74,"https://comtradeapi.un.org/public/v1/preview/C/A/HS","2026-08-02 05:47:38 UTC"
"Vietnam","VNM","2018","44","wood_products",1996178454.38,"https://comtradeapi.un.org/public/v1/preview/C/A/HS","2026-08-02 05:47:38 UTC"
"Vietnam","VNM","2018","TOTAL","all_imports",236868822761.78,"https://comtradeapi.un.org/public/v1/preview/C/A/HS","2026-08-02 05:47:38 UTC"
"Vietnam","VNM","2019","01","live_animals",648649305.45,"https://comtradeapi.un.org/public/v1/preview/C/A/HS","2026-08-02 05:47:38 UTC"
"Vietnam","VNM","2019","03","fish_aquatic_products",1572080939.67,"https://comtradeapi.un.org/public/v1/preview/C/A/HS","2026-08-02 05:47:38 UTC"
"Vietnam","VNM","2019","06","live_plants",106470791.9,"https://comtradeapi.un.org/public/v1/preview/C/A/HS","2026-08-02 05:47:38 UTC"
"Vietnam","VNM","2019","44","wood_products",2048619394.12,"https://comtradeapi.un.org/public/v1/preview/C/A/HS","2026-08-02 05:47:38 UTC"
"Vietnam","VNM","2019","TOTAL","all_imports",253442015854.49,"https://comtradeapi.un.org/public/v1/preview/C/A/HS","2026-08-02 05:47:38 UTC"
"Vietnam","VNM","2020","01","live_animals",869623537.255,"https://comtradeapi.un.org/public/v1/preview/C/A/HS","2026-08-02 05:47:38 UTC"
"Vietnam","VNM","2020","03","fish_aquatic_products",1594193516.47,"https://comtradeapi.un.org/public/v1/preview/C/A/HS","2026-08-02 05:47:38 UTC"
"Vietnam","VNM","2020","06","live_plants",116338671.289,"https://comtradeapi.un.org/public/v1/preview/C/A/HS","2026-08-02 05:47:38 UTC"
"Vietnam","VNM","2020","44","wood_products",1993210933.778,"https://comtradeapi.un.org/public/v1/preview/C/A/HS","2026-08-02 05:47:38 UTC"
"Vietnam","VNM","2020","TOTAL","all_imports",261309451920.758,"https://comtradeapi.un.org/public/v1/preview/C/A/HS","2026-08-02 05:47:38 UTC"
